roll,yaw,pitch,qw,qx,qy,qz,orientation
0.0834304719037086,-1.5258639705488,1.53505661778541,-0.539715422198834,-0.522193595082073,0.457722379543181,0.475932083258875,1
0.134521473487388,-1.34844794605395,1.54680991029545,-0.587018506628897,-0.574510386327851,0.397559859660486,0.409014986990921,1
0.50277832851701,-1.48038315895604,1.5461338750999,-0.629026964678032,-0.619481467642159,0.324712776282061,0.339307256623998,1
0.461990370980422,-1.23167676886815,1.54411204472152,-0.661577614782646,-0.649079961255479,0.258365972928149,0.27250192611129,1
0.258809269455341,-0.872625787136226,1.54864318259873,-0.680636008183982,-0.66741179878657,0.209414514085119,0.217811130362249,1
0.249109152302421,-0.726888883264854,1.54419005690357,-0.695273680858194,-0.678656448899768,0.162893297324921,0.171714062118511,1
-0.658389985191588,0.121161260378395,1.54102971698731,-0.69140864064727,-0.671939637466362,0.191641134291105,0.183643414464087,1
-0.375019781695367,-1.87481774146591,1.52023921143861,-0.317920924974099,-0.291763771373357,0.625589405885947,0.649952378868498,1
-1.74722593939031,-0.765193723974253,1.54576299815415,-0.226583335166846,-0.210973534644007,0.676525573726511,0.668179107692959,1
-2.20039128840156,-0.537627901893753,1.54840393451765,-0.14704468096867,-0.136374933224355,0.698565680308979,0.686866611697205,1
-2.56927136131674,-0.244802485922677,1.55116408448541,-0.118030805201521,-0.112515495523967,0.703982877595542,0.691243164873555,1
2.21744163439579,0.95486936981485,1.53489717966308,-0.000612589992696311,-0.021103828514799,0.71439992251742,0.699419056001514,1
2.66877874563213,0.296494192269452,1.52726882096814,0.0680172843147617,0.0564688063688273,0.718457617295707,0.68993013234012,1
1.12415100895486,1.58731086952599,1.52617041843976,0.166222481810561,0.135511925235036,0.687023833236185,0.694265705339908,1
1.52904157464084,1.03570744432926,1.53134775083466,0.214614474046179,0.187565981859153,0.681172420326723,0.674361754323135,1
1.97669357813255,0.463030995456177,1.53363191390327,0.252596099706364,0.233491637078056,0.672916854383259,0.654873869832482,1
1.77685648168651,0.153520705790973,1.55386932755149,0.406634021190895,0.398395465934615,0.585672881777492,0.576989700328373,1
1.8092144446221,-0.105695373352267,1.53740465423255,0.472473475146092,0.458883103085629,0.541635114556933,0.522327989723014,1
1.72245194655396,-0.247273597686353,1.5211681315383,0.532864725256157,0.513461294028167,0.490004865094598,0.460768844634416,1
1.78287905927916,-0.341731605648468,1.50916912913557,0.541693448157228,0.520480838943179,0.485367660363876,0.447309905406976,1
1.53982128491462,-0.408671842307243,1.50160884105471,0.610379025371132,0.582899932921261,0.398945044472845,0.358480094687919,1
1.74605296747073,-0.873221065554118,1.51281833191066,0.645854110842752,0.635270186122905,0.318564788743848,0.278963700133893,1
-0.311196347686943,0.829585829795171,1.4304693771261,0.72352997964511,0.640080799712929,0.154019974566261,0.207554325074504,1
-0.0562863574757552,-0.249741593810584,1.43124398904159,0.746213291101171,0.648075772131662,-0.102752076537876,-0.112274400387811,1
0.443490684481851,-1.54871436189069,1.47832140232526,0.618981141720202,0.583449387560841,-0.343339244438043,-0.398205140720884,1
0.433192872699569,-2.08507133705057,1.53402285846301,0.483229795875348,0.475256600199967,-0.507391791405745,-0.532140686492889,1
-0.036702350505743,-1.97872035511611,1.35440661234062,0.418345232754157,0.332144172712651,-0.531413259622544,-0.657470512582574,1
-0.0384628020895474,-1.69561126776273,1.36669812213839,0.503870202180188,0.406490106277032,-0.483216968977945,-0.589391199821647,1
0.000638156930762788,-1.36853618529388,1.35428852704429,0.604042368271023,0.485674852690554,-0.395865889602154,-0.492486511663663,1
0.123651966042807,-1.19629495152499,1.33359402821554,0.669652772078801,0.537457130530211,-0.307481369441436,-0.410073428771804,1
0.367479707688996,-0.766554336774284,1.40803779622312,0.739268024778071,0.642297851360636,-0.108822155164822,-0.170569659266059,1
0.0449610749809598,-0.18694443613058,1.41931808372388,0.756448840108689,0.650158427201962,-0.0438226497156055,-0.0562028488076883,1
-0.00908208727595467,0.535219833385401,1.19403692826547,0.798245212244589,0.543156256449429,0.145032097019118,0.216221104075978,1
0.0247761667890187,0.80373649703427,1.11373075080849,0.778663625896381,0.482270332161105,0.216390020775584,0.338043866880491,1
0.121719517459048,0.941292579770864,1.12724504429093,0.737287844818794,0.451969454610609,0.287639138299793,0.411575005093079,1
0.211832849307031,1.08684019381719,1.15075326642124,0.684357835785757,0.417291249859837,0.355704726378034,0.480620979283975,1
0.196251777570576,1.65085438486344,1.22650417966437,0.510553035889143,0.329598695739814,0.475225231670983,0.636287112442225,1
0.192150971506613,1.83720084687449,1.2348808053651,0.448450104372425,0.287601113875385,0.505472145774179,0.678731187591519,1
0.14718944993645,2.57123131368231,1.22356822854279,0.189157141715037,0.103378082231245,0.5665742667859,0.795315133061473,1
0.138878237199188,2.82938386878412,1.294372417573,0.0824078533255929,0.0388346886400803,0.602782840082961,0.792687626212189,1
-0.216003844765885,-2.62273087221696,1.36583775715609,-0.13209306087121,-0.0801231165835341,0.627838965541336,0.76285644463159,1
-0.211669446664878,-2.1846688301191,1.36271388034151,-0.296547842484625,-0.215531774903878,0.593767045864417,0.716272391369349,1
-0.306421914633262,-1.8168069464354,1.24529073103512,-0.423560892909607,-0.256705913584792,0.530712864799983,0.687780568933213,1
-0.37644547321496,-1.25808120117733,1.26001599548012,-0.576960970994348,-0.379012834981296,0.462768798843512,0.556156776194846,1
-0.161235980874608,-0.962317200642109,1.35182015816704,-0.665997979801117,-0.523698609552453,0.344286723743775,0.404540629886975,1
-0.00331797152034118,-1.26579321105671,1.01013549870737,-0.705166395416216,-0.389290981505307,0.287369107089532,0.518277816827208,0
-0.0834680180865236,-0.930141159032013,0.866683330023991,-0.802611342929015,-0.357998771213744,0.222001648497675,0.422335402428487,0
-0.136049650827934,-0.702020561835777,0.779705159951817,-0.857674688821612,-0.334434951869664,0.189415894138909,0.341568475258768,0
-0.191274478968702,-0.0176219779760022,0.63966769878323,-0.944648452879057,-0.312161221388606,0.0934029565728062,0.038348043757331,0
-0.141135058050227,0.26339873585878,0.689605242258681,-0.933799676985737,-0.342964018727334,0.0215075368105422,-0.0996558218256493,0
-0.0929847387087521,0.629354384360441,0.588432903860274,-0.913224049414077,-0.289219050748293,-0.0473632100220347,-0.28307404592885,0
0.0209822038633386,0.953533355141629,0.688556112513752,-0.834675649771132,-0.295330040116403,-0.163655124802287,-0.43510198815689,0
0.0863704970636877,1.57115357729644,0.692480345223638,-0.654043275957556,-0.210979084858613,-0.268495668684455,-0.675000227646109,0
0.017797158901637,1.72292752743312,0.701726490875399,-0.609301256498438,-0.21751722138873,-0.266237346434071,-0.714531961797059,0
-0.167546187123198,2.30372091283725,0.687202899988436,-0.407418419772437,-0.208529491013545,-0.274619863040836,-0.84564154643993,0
-0.0348081171586137,2.74528828137506,0.596770230841529,-0.193146874701369,-0.0741716552302051,-0.284906299145476,-0.935960075840113,0
-0.0380744275331698,-2.99521576979414,0.527775168027092,0.0656270565415375,0.000741750915859373,-0.261433896073488,-0.962987471349028,0
-0.0173011594795247,-2.50448672683723,0.552583677953425,0.29906207383565,0.077528942528908,-0.261662653793066,-0.91437618459472,0
-0.0472968071237597,-2.17147984432191,0.690979676477751,0.431500013880962,0.138175265106769,-0.309882977631195,-0.835875520743521,0
-0.0904160929874979,-1.90916421904995,0.791138865192691,0.518562812281206,0.188443559172508,-0.338240970659609,-0.762348144133923,0
-0.0832401491839822,-1.87679674348519,0.832537720295532,0.526565949894208,0.208101392815315,-0.348365417684391,-0.747036584936858,0
-0.0414430581498831,-2.16943350971091,0.780775201469798,0.424950182453494,0.1607976237074,-0.34534768928297,-0.82115555943614,0
-0.0883767324637664,-1.10395446474822,0.414774667791605,0.827661013819662,0.152486610530752,-0.144672526409844,-0.520379623467248,0
-0.10354183110589,-0.68198790138301,0.494968484459624,0.908245276803493,0.213773437315121,-0.129095029774841,-0.335746809934605,0
-0.159109881151611,-0.162565113723406,0.299166778853774,0.981489742916471,0.141683926339805,-0.0903857893121497,-0.0918366529430687,0
-0.209047851986861,0.232974857158796,0.213941331370018,0.983450823898171,0.117521256814361,-0.0906931594702221,0.103865270069904,0
-0.253846025281963,0.729761751921333,0.182772842720112,0.92690729258707,0.129546546033074,-0.0854528491328335,0.341699262133598,0
-0.162782648548499,1.19231369665108,0.085259752843119,0.825956211139776,0.0807553584006291,-0.0433670396913627,0.556232164620427,0
0.198086540021455,1.6648670255031,0.051766178209262,0.667662444952549,-0.0557713612490558,0.0855790718109651,0.737422979104179,0
0.263545288053751,2.10869296248579,0.171120637471477,0.477960720807229,-0.0720052830498785,0.138309706799849,0.864430000375477,0
0.246423178189154,2.31062509563633,0.240928061610329,0.38415702113444,-0.0634910215413603,0.158362180087619,0.907366356871416,0
0.113837390573521,2.69209501476189,0.246719380722803,0.21398593279449,-0.0276577685959246,0.132339974983795,0.967435378864963,0
0.107792361651184,-3.12835129948895,0.23253486132533,-0.0128154796068912,-0.0542721327589597,0.115480423726467,0.99174320430697,0
0.0637021849690967,-2.54611540956593,0.372068402240885,-0.293782206650353,-0.0841523145227833,0.167554328667771,0.937302492273828,0
0.00569498108107975,-2.24284174498362,0.311053056622869,-0.429555434383203,-0.0698227195776217,0.138298979189003,0.889651798061106,0
-0.0603727575906666,-1.83802417548884,0.245454688478453,-0.598831553687315,-0.0504124147563941,0.115450234764833,0.790904934186151,0
0.0273281844019962,2.91886432333883,0.00675967691747011,0.111077216307602,-0.0132033690629349,0.00487707271879728,0.993712105668841,0
0.345806821677589,2.47139365864005,-0.228363449269951,0.340361329831322,-0.198325700058349,-0.0497819378618653,0.917792380154573,0
0.391714969659579,2.11474043648662,-0.43027632292275,0.506856374212493,-0.268458707902045,-0.0890212769654623,0.814310605845047,0
0.213716409583763,1.45073055023473,-0.673421604767784,0.72558817141283,-0.312585048178728,-0.142605743932098,0.596218086909216,0
0.00309813708611646,0.529874047426843,-0.710475671583968,0.904991251547087,-0.3360576933315,-0.0896726158360124,0.244979379099251,0
-0.110424453821355,0.208782183681472,-0.785791927729421,0.915173551578235,-0.374888704148705,-0.0905362366513628,0.117128273329433,0
-0.264256969791469,-0.214190553224647,-0.623429274883665,0.942426187343831,-0.315679710553479,-0.0921803969824422,-0.0606793900268503,0
0.0209133704238066,-0.708163725939102,-0.549252617690167,0.901783928871812,-0.250860609764678,0.103463733326272,-0.336377716513756,0
0.0492087267083629,-1.09396795345405,-0.597113676882155,0.812302683427353,-0.238919381897086,0.173023382133137,-0.503134972966756,0
0.0277770102520959,-1.37832247019571,-0.602472020273704,0.734335472458109,-0.220531933559882,0.198886754478433,-0.610377875211824,0
0.00963843741300697,-1.79014896282607,-0.784113291031383,0.576560555161821,-0.235504489816045,0.300909797742955,-0.722197250256657,0
0.0173984414934292,-2.19657428824392,-0.816018566393464,0.41467289771844,-0.173467644132168,0.356927751342352,-0.818876032994687,0
-0.0419202024997955,-2.46735773837055,-0.81316861404997,0.311558269764533,-0.148948037210422,0.366764700482259,-0.863845815623404,0
-0.0540363372512088,-2.72276097979564,-0.85108964302184,0.200187234270886,-0.109856577939787,0.398535476950414,-0.88827140488331,0
-0.066008697262422,-2.87936734108726,-0.864508347985883,0.132352933648608,-0.0844446050225328,0.411179639246335,-0.897932696011772,0
-0.291244805753834,2.72934781712186,-0.947148785367757,-0.115434714400768,-0.0340505058597514,0.468121276468499,-0.875430106941524,0
-0.260195316755326,1.75755572656528,-1.03792262162613,-0.499853559456633,0.227069812332918,0.450537264444327,-0.7039899896353,0
-0.201823898440369,1.68387515151388,-1.08724297271829,-0.528238024758278,0.278425132042509,0.441286556759534,-0.669858359536295,0
-0.124909725304594,0.192881377026758,-0.93119903397283,-0.884968161403301,0.440630897695081,0.0986577766115701,-0.113764761983576,0
-0.0137923376920965,-3.11288244866614,-1.2543511744422,-0.0156691210179467,0.0140070762944991,-0.58670562508015,0.809527518112887,0
-0.0345473928210774,2.61936926565737,-1.29062559966236,0.196175487518612,-0.141911857388436,-0.584537121757737,0.774398197807509,0
-0.320635406960459,1.37302542365424,-1.3885165987519,0.522066766649671,-0.410765569372432,-0.495232117795663,0.559877754868704,0
-0.368928387741167,0.693096861233143,-1.47384198478814,0.642834205122202,-0.575202107200299,-0.352133401285511,0.363192512755339,0
0.181355832494988,0.14417764712463,-1.32301609896135,0.787790590366241,-0.615341174927771,0.0272027552252029,0.00111680537891834,0
-0.0952607793315123,-0.528632829383851,-1.4192091575139,0.739547497663551,-0.637629906097425,0.135154526059729,-0.168020440592621,0
-0.599834790033823,-1.25318681287794,-1.45917451590983,0.692359187604249,-0.644977103593588,0.195018370838516,-0.258091337337713,0
-0.0698357320384856,-2.24992530228777,-1.30095608021951,0.362019844371507,-0.286033627482765,0.534060771793199,-0.708452892144137,0
-0.088876967664405,-2.53891225996942,-1.33853807840446,0.258862583093282,-0.217227541435639,0.581531221703401,-0.740016086634983,0
-0.517633879510994,-0.814693793595921,1.53594147506816,0.568028561707047,0.543654804484752,-0.43508397802364,-0.438731069309097,1
-1.16622297456262,-0.154286051078569,1.49267799007524,0.582224974619116,0.533920167485911,-0.446732726062296,-0.419968115470818,1
-1.31426518015003,-0.0157353686956727,1.44579348872685,0.590527450342983,0.520167786717674,-0.462177937961514,-0.408771783195262,1
-1.38631918423608,0.0621417477111559,1.3756169314536,0.606652937192473,0.503444100777022,-0.478284793211998,-0.386988268607179,0
-1.42967630773424,0.100234980149791,1.29355760151497,0.621703156829148,0.480731681713035,-0.499648624878851,-0.364326089389601,0
-1.51457715674564,0.2061660432926,1.18338352017039,0.639386352619394,0.461848468147842,-0.525435006216622,-0.319059793550526,0
-1.54022775563547,0.22960472690274,1.0435052664388,0.657973690086449,0.424553058071549,-0.558627724374208,-0.273423484475088,0
-1.50374332454045,0.201312955125187,0.895572309009488,0.684782504795739,0.376512793147877,-0.580773047416146,-0.228065160264254,0
-1.4849686458371,0.208988626831989,0.73599645818449,0.709082949912434,0.32941437474125,-0.599765861613212,-0.170201245031966,0
-1.50937779964001,0.283687507076332,0.472809094361932,0.723792462632877,0.263056556583252,-0.635199342007838,-0.0587156534472122,0
0.180360773750769,-1.46236055439915,1.54606354527507,0.572658443111505,0.560744730780393,-0.416413909878669,-0.429216871538778,1
1.21683498972773,-2.47315173531625,1.43692545156518,0.558040457767415,0.58365307778913,-0.369076405622812,-0.460133189465516,1
1.20851744934584,-2.49078293573962,1.40426258224908,0.548537406593213,0.580913092585035,-0.364919021836324,-0.477996665994741,0
1.32815406154617,-2.6380635459732,1.31105586281633,0.51937004297978,0.592762936527557,-0.343188098620438,-0.510988063131399,0
1.30560130366845,-2.61188356959052,1.16137724562169,0.495467654682127,0.604219865547354,-0.287664611511615,-0.553786276757276,0
1.3990297315823,-2.69882187955043,1.0108649143295,0.451139263735343,0.630944332460241,-0.237735542081441,-0.584691746404559,0
1.45509875005141,3.05197751210939,0.8271838378838,0.236381679822761,0.594911919008678,-0.327118187960392,-0.695123883519898,0
1.46492657813597,3.02653260404221,0.656563630763963,0.174775993242128,0.618161818165693,-0.275726002089408,-0.715055594659306,0
1.45073390108341,3.01813895288471,0.540930905269889,0.132432163224636,0.625742806065577,-0.238974781359381,-0.730615308972652,0
2.89043016623118,-0.144381575625821,1.53397650056929,-0.139607207495339,-0.138217881629358,-0.706204112606479,-0.680206886836636,1
2.6820678237965,-0.259570547431782,1.5313583749857,-0.250139418016441,-0.247356169609084,-0.67563590765378,-0.647889905076677,1
-2.5649103453384,-1.51074263791136,1.54609480381477,-0.310792768531283,-0.325888703805162,-0.635727198564261,-0.626941264835275,1
-3.05505435647871,-1.26715856785768,1.55437004862363,-0.3899376994536,-0.397212981651261,-0.591949564643444,-0.582894642067586,1
-2.98115787799582,-1.49781863388817,1.56308414202725,-0.436363357941836,-0.440385160072167,-0.556658106260564,-0.552973503711627,1
0.34564753116607,0.807230499620424,1.51765154323002,-0.610924596602364,-0.574346087057807,-0.380969071432487,-0.389564229096005,1
0.542498718451005,0.473552032554107,1.51166658008312,-0.638424164665831,-0.596643903133103,-0.34454423942552,-0.343103363571325,1
0.377892415261559,0.178252556038702,1.48184432439614,-0.710554296445025,-0.647989368588891,-0.197043766073783,-0.19077771468449,1
0.994933052400906,-0.809630364951724,1.45163071793196,-0.728923063631345,-0.676726047333235,-0.0983474081756227,-0.0322618045624558,1
0.265138817117038,-0.710149034843022,1.40914217088845,-0.737859972631372,-0.636986774183279,0.128780574685094,0.182280240192596,1
0.133967451331394,-0.860093199729491,1.40060352321198,-0.71144882206252,-0.605793302738286,0.221556011204264,0.278869134859662,1
0.161077496760901,-1.48789058188202,1.37119638822123,-0.602189069013328,-0.506524053266599,0.381546968043255,0.48499859021899,1
0.38141949833132,-1.9446213981442,1.42007304326369,-0.521583109320506,-0.479357809098715,0.447810952423407,0.545557067592002,1
0.540963272259102,-2.38995197562752,1.45103494909255,-0.429532925743593,-0.420634209346108,0.521400929621326,0.605565364864295,1
0.405886910315041,-2.61534270012622,1.48729691691741,-0.31925608050397,-0.315705949085647,0.601678153571223,0.660597245176979,1
-0.298762161839195,-2.42998621710003,1.49505502716919,-0.157781195862043,-0.131867327848992,0.668171002027095,0.715027011422259,1
-0.355635757412091,-2.5045764149205,1.48747951230469,-0.113092493684179,-0.0850458751578724,0.673617584625383,0.725407919604224,1
-0.582426818371721,-2.46550173312685,1.51068612049948,-0.0455943253609629,-0.0205822602632215,0.688833416811341,0.723191582031713,1
-0.748607778494829,-2.63290409836351,1.52019064235366,0.0740735278647234,0.095114013240936,0.687330593883828,0.716270273239277,1
0.0778211919049552,-2.51347221845924,0.605065642819306,-0.305692990323671,-0.127288227159596,0.271679843167142,0.903625795494043,0
0.10808353592118,-2.76473055435509,0.373872688495847,-0.193646892421578,-0.0868970904814719,0.172351518874732,0.961896430406987,0
0.0899624494780515,2.91711085108061,0.379740634738924,0.101448134250915,-0.022762533324365,0.192300200169967,0.975812886142347,0
0.125115573060832,2.43678633893821,0.263639102211573,0.333778412808575,-0.0128883371363804,0.144510218758538,0.931419706890625,0
0.254933652005417,1.50717343624837,0.0443893649385958,0.721214504601571,-0.0709102583828166,0.107741937063246,0.680597576625872,0
0.549877023920565,0.74672276472845,0.045801625546649,0.893633442052921,-0.078478009892721,0.260756330698182,0.356744477209006,0
0.152012131873965,1.21852429277575,0.232259021592018,0.807160386036974,0.0515852648413646,0.127966776526538,0.573982219410627,0
-0.164467873906992,1.82627125224096,0.248606673278443,0.612561065397588,0.140037940799571,0.0479690880185923,0.776438854955376,0
0.680182491384064,2.56002134136406,0.311628199269975,0.21741722417718,-0.273754118949372,0.23463289694848,0.907047875756728,0
0.355078734894084,-2.61571319315108,0.269894780038613,-0.276452688248745,-0.203407219666005,0.0823853047834114,0.935634591081189,0
0.241684831851316,-2.32530019627216,0.299264940412588,-0.406105886705487,-0.16814760700843,0.0885195194306095,0.89385048957095,0
0.0694244091365516,-2.04076133414206,0.128053383350572,-0.523547981111517,-0.0629644952119469,0.0363851959909846,0.848886984841589,0
-0.232914284933167,-1.72976933558047,-0.263627071001523,-0.650366300941053,0.172345168734033,-0.0246206126978333,0.739401552307363,0
-0.161615248173857,-1.6895192689423,-0.334451349466935,-0.662560782833685,0.169666732843034,-0.0712219595364628,0.726053616075313,0
0.194304450861434,0.439203830749809,-0.391483945849697,-0.956941923003655,0.209655271533526,-0.0506930220652442,-0.194260725058723,0
-0.462575404882594,1.97009922315586,1.49915966845083,-0.52402414480685,-0.506445742760574,-0.45987492204962,-0.507372303704363,1
-0.668747106364718,2.05123507255525,1.51702283706115,-0.548574291667044,-0.540618282753247,-0.43202474301283,-0.469204574232962,1
-1.00440416537843,2.25961333178243,1.51609172249335,-0.570960833135231,-0.573326920698932,-0.395759579222268,-0.434366799561754,1
-0.813666664086104,1.91341355668803,1.49978911377285,-0.60765798564113,-0.597327722220448,-0.344723024101718,-0.393849709814424,1
-0.836351159602505,1.82151175003709,1.50931278961397,-0.627954540899144,-0.617542579943504,-0.313130569883518,-0.355336031560912,1
-0.538344811165893,1.33388778651185,1.50409625591481,-0.665518532349993,-0.637557904021488,-0.254768554609211,-0.292742512767852,1
-0.0576941286199512,0.173734121956989,1.39807562898282,-0.763868847586959,-0.64270357340006,-0.0338087509858321,-0.0478921830288434,1
-0.132227159192429,0.111853012280807,1.41641406001232,-0.759087706048325,-0.65084157930752,0.0138199296041192,0.000543602587892086,1
-0.123381839054819,-0.0521021040020409,1.42241148741644,-0.754829940115475,-0.650067897140576,0.0636604688077003,0.0599251866719679,1
-0.00897471786800584,-0.41834280314601,1.43298476504665,-0.73705796395981,-0.641719181203473,0.139680987819712,0.159472454661099,1
-0.138692186004278,-0.958727898663048,1.36960272709828,-0.665379378533472,-0.535125179821042,0.338645280302884,0.395260534401383,1
-0.0445482057778565,-1.08153171848296,1.45586962692851,-0.632241978244816,-0.561695222867356,0.356675878502245,0.396927030823403,1
0.143496824033605,-1.3579753749627,1.45496318164034,-0.609649592839665,-0.549793268096772,0.374877880586941,0.430722071834285,1
0.426157345329034,-2.03846930605303,1.4618707619019,-0.501570299071999,-0.476006781746659,0.473205183268814,0.545822155356914,1
0.317229052260312,-2.1695135822078,1.4234191456624,-0.440505604969766,-0.407020553462956,0.514368660202635,0.612955263594785,1
0.19339450054202,-2.48335292283098,1.37929811780625,-0.30631453081863,-0.275172268494355,0.575229490461567,0.706797606745057,1
0.0384434520278338,-2.92443711585748,1.40267116042796,-0.0951021031166507,-0.0845057695556033,0.639728842859283,0.757998393633061,1
0.599555115074498,3.12029164901251,1.479663444246,-0.191558486473814,-0.211236549916867,0.646383256315555,0.707724059650592,1
0.138196304034911,2.82248696510395,1.48914913126154,0.0703625003276406,0.0572796980085865,0.675520898844142,0.731737563633931,1
-0.279881128653884,3.03981350558501,1.46036381497569,0.130444717910912,0.137385862789596,0.65434278093661,0.732082657787727,1
-0.497345581510138,2.82395923129529,1.4563258922334,0.276141703406738,0.283401212591909,0.607858189968482,0.688431642054708,1
-0.608949246939497,2.69005442787742,1.45509981772622,0.353802160026099,0.360230832555395,0.568233150139169,0.64974537981312,1
-0.847662834800314,2.51325678103396,1.43867734672519,0.469601666514432,0.479818738323908,0.475590767466871,0.568385316075723,1
-0.737223554440779,2.2132577599722,1.47364988300804,0.525779458054758,0.519227789320228,0.441019006208786,0.509373038839913,1
-0.177011225585815,2.03083771357188,1.08007103846725,0.489076064378331,0.334457413351885,0.395205246789431,0.701965701066627,0
-0.146130365630866,2.27079038414636,0.930343481745175,0.405643698577126,0.247849459905598,0.378121256584773,0.794385511231201,0
-0.107474236778849,3.05516328707518,0.828368032946906,0.061086817785946,0.0664847357977197,0.399362722725411,0.912336443253749,0
0.113088457815073,-2.44280005034637,0.797220668421959,-0.335598179659184,-0.181595745177549,0.346273854770468,0.857024768913547,0
0.0386087924384463,-1.90912174039666,0.705956969828074,-0.547678569910957,-0.214544048248861,0.271585805787889,0.761748235906966,0
0.00445147950472193,-1.54826331374163,0.802130565360266,-0.658893742582285,-0.280578413674969,0.271460454964869,0.642996267550118,0
-0.1932156015427,-0.438600615361359,0.711181106449822,-0.903417407828642,-0.318550141622277,0.163642070008858,0.235763137921658,0
-0.286044078525898,0.686256828572071,0.629795406106502,-0.901111283320285,-0.334282406191856,0.0244895815256394,-0.275053045245597,0
-0.238956802586292,0.736805066107965,0.628275079216579,-0.89418903703156,-0.327033101202584,-0.00472891879356557,-0.305701067961277,0
0.185132835602385,-0.137013859317062,0.631947315925564,-0.946171306551962,-0.314700095217693,-0.0664718939846117,0.0361301257344624,0
0.131200861950663,-0.381960378159532,0.671303870199889,-0.929133830742127,-0.334449525019748,0.00161987189147462,0.157643285494756,0
0.0794675382588576,0.925686519938343,0.688310930733355,-0.835668077849987,-0.284968116034616,-0.18398854821677,-0.431972731142613,0
0.0760906354632619,0.992776317209161,0.713891559340803,-0.8169585961524,-0.29004746369919,-0.19762634741954,-0.45759713443709,0
-0.0286870836149535,1.68598048829907,0.763641151424141,-0.621255246387653,-0.257785261698968,-0.269321274308818,-0.689242278596253,0
0.170612907245074,2.1332805896008,0.717315441810334,-0.424499013614425,-0.0990938080306004,-0.344767174356133,-0.831334342760141,0
0.15104612338539,2.34875106946002,0.711607539337374,-0.336659017925598,-0.0688781971733769,-0.347721934774502,-0.872356661616951,0
0.0664608987847232,2.70615512177869,0.628833134537731,-0.195267915412425,-0.0359148333648437,-0.308618860936751,-0.930233924543699,0
0.060725559582002,3.05772071946948,0.521912924992285,-0.0326599890503617,0.0184929864505126,-0.258888708895071,-0.965177786856272,0
0.927856833180355,-1.28907490848591,1.50559446066483,0.705516613204267,0.684954911148219,-0.106319594533924,-0.147578502318167,1
0.883484109792929,-1.15704639770312,1.51511535013073,0.710529021774076,0.689933031074003,-0.0796036911149296,-0.11315638333121,1
0.497850694541803,-0.768749241023597,1.52114741486181,0.714563640262228,0.686265209742271,-0.0850667565080923,-0.105842833039651,1
-0.229368905327504,-0.427740081737919,1.49823732276213,0.694366024121562,0.643320555208849,-0.225475293060651,-0.230554923482843,1
-0.434335604869519,-0.451267517459383,1.51319437439815,0.659008235057613,0.618282234964432,-0.302676870911286,-0.303021662645693,1
-1.53078078519137,0.504727327080846,1.55460363884948,0.619066248636948,0.613047404255702,-0.351921530927943,-0.342171431056956,1
-1.4930080578908,0.248366628972773,1.55405461719499,0.578341925934406,0.570709345567768,-0.416701245301846,-0.407641662407532,1
-0.156792927566823,-1.66382717031366,1.44117343163927,0.466299591673118,0.399501154145053,-0.525890567662062,-0.588559956041081,1
-0.343974762186236,-1.59694788838952,1.42399900835429,0.4403900085613,0.356376003121255,-0.551492910102057,-0.612297759749102,1
-0.441745763819389,-1.75982914950829,1.39330611480059,0.368530674241658,0.269438934496489,-0.589573269496264,-0.666326762268372,1
-0.35470647406351,-2.06591425787477,1.41359781691983,0.285056347918369,0.212238737479651,-0.6176982162635,-0.701531682884582,1
-0.726691603721147,-1.86304657044521,1.40688030112974,0.240790979791975,0.143204287473002,-0.646925478761651,-0.70922482561382,1
-0.236002293362939,-2.76325287379227,1.46627179691424,0.0613821253895148,0.0390442206274627,-0.669143958232167,-0.739563614332394,1
-0.329891062453657,-2.88563518186257,1.47509062788074,-0.0163361590164102,-0.0358702312060005,-0.673430792966122,-0.73819889961979,1
-0.433770584387674,-3.05110072681702,1.47881610405259,-0.112219821313815,-0.12906863900676,-0.664581360733537,-0.727378721994051,1
-0.462542501820165,3.1326597045689,1.48506298906287,-0.158186038415222,-0.171814115282841,-0.657391572860442,-0.716445113019078,1
0.133864761801265,1.93222536847354,1.41837269576504,-0.394634329617906,-0.327632464862338,-0.563399124470454,-0.647689997570251,1
0.02797516411526,1.82517137793544,1.37315106926649,-0.466043776634257,-0.379157580846798,-0.508032540574386,-0.617208115089393,1
0.203620479382173,1.54439081593365,1.32911883759474,-0.517275154902502,-0.38369252607217,-0.485372111696157,-0.591287209589618,1
0.174819460087937,1.55505810711745,1.41862357796115,-0.498814327176277,-0.415913908490187,-0.502371642679601,-0.570808910349651,1
-0.198453410003793,1.74335155552929,1.43577588133464,-0.532209087429206,-0.478349149004544,-0.452987001717812,-0.531731649342327,1
-0.229051369033593,1.56982116349985,1.43663970387754,-0.582313846799682,-0.523347689647497,-0.401218136458565,-0.475438722425579,1
-0.209586769014058,1.40191046507553,1.43363496320882,-0.617312816901483,-0.550193785060187,-0.361132121967747,-0.431039983441314,1
-0.319640844317025,1.34366454820274,1.40856576498286,-0.652998071534711,-0.575804245387842,-0.302951610163355,-0.387638367178926,1
-0.264748702962342,1.24328720252954,1.36721162897083,-0.673293584643932,-0.568538189333068,-0.281416922330113,-0.379795713994363,1
-0.544512535008139,1.42931389041691,1.37935547079486,-0.673361567206133,-0.598850341064643,-0.244948543583143,-0.357718985507853,1
-0.495758659568589,1.14437214483253,1.37200727466876,-0.714804896526094,-0.619072406741941,-0.17290302265757,-0.27551416005618,1
-0.50824337818891,0.942745941835128,1.44397417248206,-0.72262234141198,-0.655572824635893,-0.122376870141473,-0.181838710704338,1
-0.2736937624306,0.113824255925085,1.49575831041049,-0.730381219264059,-0.678324651629295,0.0615296340077028,0.0513150834484527,1
-0.271351727759237,0.0704691481663697,1.47130726038458,-0.737321327882411,-0.668024139909425,0.0767956564296118,0.0648353847027197,1
-0.126040763713233,-0.334097881302231,1.50893061257117,-0.709897940302073,-0.666393512598121,0.158903518142866,0.163445603806737,1
0.0728717438583179,-1.0048525380862,0.971087441683578,-0.782794042080688,-0.42425728246561,0.196350572330403,0.410713877235802,0
-0.00246210959769257,-0.863910408356197,0.85268688883374,-0.826641470588456,-0.375090292780034,0.174146893184541,0.381633595587671,0
-0.00660083867708234,-0.471920266138654,0.815691504543875,-0.892229800120866,-0.384931717110696,0.0956686624024442,0.215873236899061,0
0.0239765752195602,-0.0715166749181507,0.807278124069981,-0.919152308807492,-0.392882351956734,0.00302313807742365,0.0281698577336228,0
-0.0925309693504966,0.788331087433292,0.645479395929968,-0.880342949664497,-0.309375816671592,-0.0811756168011749,-0.35027646740063,0
0.00642004641155408,1.67286542013718,0.546780228212298,-0.644581121308552,-0.17863404950043,-0.202477517856703,-0.715267850832442,0
-0.0331785832792735,1.9928787036287,0.568750314361055,-0.525310422803385,-0.165772101185723,-0.226857020879582,-0.803184070600054,0
0.0882960364751873,2.25845848601776,0.644715309039051,-0.392308654178983,-0.0974110008564471,-0.304027026554172,-0.862654492138408,0
0.0462642807869604,2.37151856212709,0.667885603094261,-0.347723593953523,-0.102823175557482,-0.311898947142403,-0.878199825263742,0
0.0740668192027127,2.99804857153175,0.742250912237901,-0.0533895209095505,0.00842644112111247,-0.3639570604348,-0.92984622480751,0
-0.0249197801702365,-2.2208102441856,0.903912868403939,0.394782826798817,0.183980368743214,-0.396203365320806,-0.808282640708827,0
-0.0302988061129452,-1.98917211245741,0.875968712596794,0.48797687034714,0.219548786993959,-0.363068439907854,-0.76279643577103,0
-0.149760631144861,-1.46649835292718,0.87594050571725,0.649754830276172,0.26888271432338,-0.333388720566856,-0.627991160529666,0
-0.176923025492195,-0.986832638293153,0.857179008177224,0.780539283927461,0.326526296388197,-0.266839146582925,-0.461449958042518,0
-0.157194247660217,-0.752620116160364,0.750392552833552,0.85208534853421,0.31291420282127,-0.202195730540887,-0.367630707367054,0
-0.0275471734342113,-0.25510041761719,0.745534459896973,0.923031925779935,0.35956948091764,-0.0590458044608886,-0.123432713789202,0
-0.0951930794888437,0.070150919877005,0.750453228420236,0.929410847603882,0.36739554528523,-0.0314036602458944,0.0151653994955289,0
-0.0375805365298793,0.2766144746999,0.637022358582934,0.941279043588614,0.312567928313253,0.0254920156689928,0.125081569021066,0
0.0832217827982104,-2.28442793237515,1.48976687526534,0.330907233329121,0.309289600895776,-0.603331183057224,-0.656377956091704,1
-0.12245433698369,-1.87570749700108,1.4997826227678,0.398417344349906,0.366298370575336,-0.574989475586476,-0.613576742053822,1
0.122946257912149,-1.88847996393906,1.49636673336853,0.462802450773046,0.434625460985195,-0.523640839453216,-0.568080155741471,1
0.556036618605237,-1.88967319781748,1.51613442988757,0.562021822215066,0.548843671283804,-0.419007288769302,-0.455340730577186,1
-0.298230889287008,-2.7518319314934,1.44959792631092,0.0467329983969146,0.017847777106495,-0.664754293220428,-0.745385407534965,1
-0.459231378016812,-2.74532449776265,1.48492690157011,-0.00964572851495266,-0.0348263045520545,-0.678488823559199,-0.733721471164678,1
-0.108265981905121,2.7619460721345,1.52460220778176,-0.172961307974199,-0.168542645259745,-0.669804250336449,-0.702168229136339,1
0.380178816435801,2.25968030453919,1.53776058930863,-0.182405074904453,-0.168621213442374,-0.675446949319867,-0.694310367718672,1
0.488627708246487,-1.58301121630106,1.54145049588178,0.609085636847645,0.598507078005406,-0.358936593674193,-0.376787038771926,1
-1.46602207951724,0.390176186642018,1.51720229278333,0.618382793443507,0.595671977315188,-0.377324457642754,-0.346992588958019,1
-1.59646814378571,0.525998976424739,1.44780039552654,0.628266115503907,0.585868697707066,-0.397910142663479,-0.322035809136527,0
-1.62512865129882,0.553073034236754,1.3560708763402,0.639533970704639,0.569327118143206,-0.426206906551367,-0.291908534338436,0
-1.59556023809792,0.517348505936325,1.23947398115818,0.655874107797742,0.541143577138847,-0.459555208246261,-0.256518578966503,0
-1.55784153181607,0.487360999104956,1.06964436364693,0.680596163594263,0.497844708531743,-0.499037831637547,-0.199751691306135,0
-1.53621144458928,0.485280424016772,0.915775875656694,0.700033507346569,0.458359678597854,-0.528558771091716,-0.143126187039932,0
0.234775088205476,-1.27023190936015,1.51947114207362,0.627479850781803,0.600990173601365,-0.337436368066458,-0.362238226303862,1
1.10654238474236,-2.13948515856699,1.45716325766356,0.611788816006812,0.615980366238858,-0.308517407953026,-0.388715357552809,1
1.11633768280299,-2.16363116260735,1.36069542865635,0.603853842669061,0.614105613096823,-0.277665636688444,-0.425601473056642,0
1.20695134934991,-2.2782944900319,1.27686022229082,0.583799475098279,0.619209369484556,-0.255006091278211,-0.459053167425565,0
1.29355009359959,-2.36750991908162,1.21679838098276,0.566118503623554,0.630069886852415,-0.23573587903599,-0.476393072329744,0
1.34233396584495,-2.42415641528252,1.1325236381877,0.544413499179036,0.638914738862786,-0.209121002743517,-0.501667511056035,0
1.41058321375353,-2.51240582470152,1.00477352860793,0.503322182464288,0.653720051178549,-0.172841397975109,-0.53799880365228,0
1.45339038096424,-2.57984597841363,0.84340427167146,0.45031195156743,0.667239602002829,-0.125888483783,-0.579795253895781,0
1.49920403731849,-2.59591034704621,0.830311117692875,0.445129410228559,0.679960194089722,-0.116297156312324,-0.570954376896057,0
1.45945172412848,-2.50938169718878,0.995118785838999,0.506035138190229,0.667395885313132,-0.15600364637941,-0.52361629093915,0
1.41316942064295,-2.45664661504822,1.06266308154112,0.530058216341707,0.656641347548393,-0.175026497989364,-0.507174664337141,0
1.40139805020899,-2.45327906456879,1.11559079236155,0.540081280149503,0.651461137699447,-0.196312279750124,-0.495350454854668,0
1.3462169100783,-2.40941360452126,1.17728728287216,0.555988744886479,0.639540346699839,-0.219758358109588,-0.483291745684302,0
1.32773083354581,-2.40115906714009,1.20243269596991,0.559921177926324,0.634888495423996,-0.231481337702117,-0.479396756610672,0
1.19964027998782,-2.28726040630352,1.28628986398521,0.581767396917552,0.616212564919091,-0.263402845735937,-0.460920490576843,0
1.20306593644064,-2.25826368617905,1.38929618797021,0.598238141483547,0.618640342282687,-0.291270411589926,-0.4177999373327,0
0.900107127536382,-1.9276183464604,1.48226249954908,0.620110018940314,0.61032902216503,-0.316261626719048,-0.378074886061232,1
-0.0390848416159242,-0.975424369994604,1.52118587522375,0.633529622290665,0.602227864978326,-0.335478182906141,-0.351306407193184,1
-0.974031689897662,-0.0393989941563405,1.49473688388417,0.641809003349432,0.593805035222394,-0.355027733665196,-0.330805197446281,1
-1.29012719439972,0.287361644603991,1.42323284033923,0.655122050904369,0.581654362323185,-0.375918689676224,-0.301957656472172,1
-1.4102914324462,0.394538679265108,1.45682788443823,0.64180960441739,0.59189506726511,-0.374930545662962,-0.311717394492523,1
-0.685557700244966,-0.332755483385217,1.54161678251062,0.627504605183047,0.607192778095106,-0.346446613180033,-0.342825949640491,1
1.16866146113007,-2.19574515061304,1.52066741145547,0.613733421804785,0.617673820446893,-0.329656465104227,-0.364879351257291,1
1.26031616123521,-2.31198635654039,1.4442039609527,0.600797581671515,0.619913492450178,-0.310517144261921,-0.397905287922573,1
1.38455722197541,-2.41192462733734,1.42271538513101,0.597337416253748,0.630983629868055,-0.296984949082833,-0.396039893499173,1
0.753692726875062,-1.77550077750266,1.51770681345111,0.622251205136231,0.610936657972184,-0.32773468727391,-0.363524138021415,1
-0.930469708882302,-0.0873861519963039,1.48527792763704,0.644508877925109,0.589348801511574,-0.356584298889706,-0.331849244249824,1
-1.15624444554812,0.125162249148043,1.41182947158951,0.658268386009712,0.568249716772397,-0.381067738164695,-0.313946424035757,1
-0.386099934960636,-0.629580585226582,1.36561458949069,0.686498524645307,0.542739461530829,-0.333257746247545,-0.350845998363237,1
-0.295116882771659,-0.72301764975708,1.32627351351576,0.697106677770487,0.528565839842596,-0.323735331574632,-0.360355177863585,1
-0.254559964505599,-0.764007682404098,1.32096538629892,0.697816508185148,0.52730385736533,-0.319866132060024,-0.364264199144088,1
-0.256109602777395,-0.759643448236729,1.36004376836439,0.686457646443462,0.54239826638327,-0.323446909412566,-0.360502570890923,1
-0.291726881683738,-0.71092535256027,1.45118176095251,0.660325671779873,0.577645877594292,-0.330426141664998,-0.348014079296796,1
-0.453381247776296,-0.534627048097213,1.53961768290476,0.633503946869911,0.61147669440572,-0.334790015752607,-0.335685319499132,1
3.00063208165994,2.32120470284833,1.47334951858853,0.593764976079207,0.65870655564076,-0.338037619348441,-0.315086308524305,1
3.05301346727498,2.27630876014863,1.40478722068929,0.571776212212827,0.68029636301057,-0.345682955601258,-0.301284090650292,1
3.04831843902686,2.28023585939628,1.3698880833582,0.559161165160499,0.690655107066092,-0.349773424072497,-0.296635894060348,1
3.13171469806014,2.18475870903074,1.43173133102337,0.580865222280991,0.668310539404923,-0.350237325618422,-0.305434802430161,1
-3.00874132895448,2.03992262430288,1.48779924423188,0.601293468302601,0.649137610487532,-0.345985454698623,-0.312026568570296,1
-0.721006200801319,-0.249883689419622,1.54986700342596,0.632573521630703,0.618183634256763,-0.331646414390036,-0.328192591851496,1
-0.17216334382279,-0.808109642792581,1.47339124488994,0.655816953668107,0.590419781158511,-0.321710793235029,-0.343235717705101,1
0.407050599073608,-1.46301071681377,1.36180493271811,0.651281077424206,0.563690332402263,-0.294945121452009,-0.413634536261245,1
-0.826121076018959,0.00993338396862363,1.36723992929245,0.711337189299957,0.580022218578344,-0.308336123431004,-0.250004902436813,1
-2.89091543375099,1.47409125550075,1.41990248654167,0.504839039968828,0.566053937859267,-0.502388939047217,-0.415121456314611,1
2.58276773753624,2.98101890922751,1.43443230340919,0.613093400495451,0.707538698460165,-0.238788655767514,-0.25784770109029,1
2.20155152735647,0.034120368349837,1.52728502316319,-0.316576958964597,-0.302177695275505,-0.64924186748959,-0.622055185700405,1
2.04149618815565,0.159886792223192,1.52074771727273,-0.330628248571761,-0.309781113688851,-0.644499526261567,-0.615906624662245,1
1.88199658374282,0.222302015677595,1.54000360021086,-0.35782318712411,-0.343126937873563,-0.622075144543095,-0.606010703909747,1
1.21265401927276,0.790739129896951,1.55705267940124,-0.385782996789817,-0.376280914305661,-0.59666078469759,-0.594625973628467,1
-0.381167872244585,2.21437401299337,1.54725237413968,-0.432502646306322,-0.428013774008199,-0.553062715260227,-0.569093392803468,1
0.104907022657552,1.74791924929869,1.55167209473887,-0.429348359182337,-0.42013814491081,-0.5603349970504,-0.570235568469508,1
1.08161690047795,0.945423488785919,1.52510645722928,-0.389989231995746,-0.357759506171994,-0.601063278094734,-0.59886514083566,1
1.08066004449345,1.13917557397957,1.51187946369037,-0.33515691492984,-0.293520409363768,-0.632444778899532,-0.633663317819785,1
1.85600138750747,0.774040277578802,1.52197309203864,-0.193636737740305,-0.164046375415073,-0.692787364290622,-0.67501055942219,1
-0.907547215243646,-2.42077349264157,1.54855718606868,-0.0602014779038892,-0.0716359258836533,-0.698586388584254,-0.709380800627916,1
-2.69170241179162,-0.832178558009567,1.54274238078707,-0.128393530058676,-0.140256035437896,-0.702109378725995,-0.686211157447637,1
2.40104554749679,0.303331558458724,1.54192456044323,-0.158423564255512,-0.148245720356553,-0.699054129086239,-0.681357829858954,1
0.127921495815925,2.86631705589665,1.5005036756056,-0.0569935106600279,-0.0470429876101727,-0.680409138262096,-0.729096761678678,1
0.179368829501913,3.00487314830306,1.50400672971181,0.0113534967410745,0.0187850722727,-0.68323685682913,-0.729866840018809,1
0.238858727795254,3.11728153670961,1.50930263142102,0.0728207494029226,0.0785249910789183,-0.681159923627577,-0.724259697931912,1
1.1827638382257,2.43634602141488,1.51350637261553,0.150757344004247,0.183562431440852,-0.674887000566683,-0.698644817087636,1
0.401011464950716,-2.86646791201319,1.56300580989263,0.234347755211209,0.234694192497944,-0.66432913206698,-0.669825766154228,1
-0.0502093382100857,-2.24516038820394,1.55243059235428,0.293285045875161,0.287365510919247,-0.638944925764995,-0.650503123988821,1
-0.260758651355434,-1.74430355311746,1.46534678394041,0.407489555203845,0.352541059156706,-0.569970895965766,-0.620322680666401,1
-0.179776849708531,-1.70806743299521,1.4634934007766,0.441579938874415,0.386826770888657,-0.545600170134566,-0.598074116095109,1
-0.085055968736868,-1.55856328788919,1.4763759644686,0.505646138886557,0.456214638300451,-0.494872326570906,-0.539714325197231,1
0.0658605550392026,-1.50523073232892,1.45637130087626,0.55947006137293,0.502297249708847,-0.43673051700862,-0.493920201852901,1
0.392249486922907,-1.65948075346707,1.43285576827673,0.593756916305211,0.543236940451606,-0.375983369432167,-0.459328688311759,1
0.599127106119254,-1.61745753073504,1.44370941591744,0.636200157781793,0.59613071060072,-0.303798258944765,-0.384166812342575,1
0.435782298361512,-1.15384592512433,1.49373601308503,0.680606555887904,0.642450427267643,-0.228829510453195,-0.267711051633943,1
0.0531056242753809,-0.595923478790831,1.52936800609661,0.694957896678961,0.667194834945052,-0.184857122861708,-0.194196821859867,1
-0.680791268868217,0.739148391095815,1.49708089897096,0.726086419992611,0.686565076987029,0.00363159170254208,0.0375992538503891,1
0.0404856296713312,-1.94279208778511,0.746870036636671,0.531255668522581,0.221328723487163,-0.2905251497865,-0.764444985098201,0
0.0247582279040771,-1.9153781769661,0.598211974553021,0.552804545380736,0.179215889445401,-0.234171616040509,-0.779392353567917,0
0.0500354100123187,-2.17717317437805,0.494039495924431,0.454939905736573,0.134845497607762,-0.205317646334261,-0.855973729190936,0
0.0258104013597497,-2.22731091925519,0.575504590549797,0.426487541550177,0.136357054417206,-0.249173781154806,-0.858736015746572,0
-0.0901877755025942,-2.80863450281121,0.620933087062356,0.144047029287732,0.00824376572540314,-0.308085756193413,-0.940354001072804,0
-0.0806800724782491,2.88838874948648,0.676527016620413,-0.132288116012324,-0.0796058302611384,-0.324122235777646,-0.933331414495277,0
0.178673775904157,2.09806489512419,0.662194463974024,-0.444315913569346,-0.0882315840573051,-0.322754188037774,-0.831040478976766,0
0.173695447911284,1.8617110137097,0.713098344034681,-0.533197539189617,-0.142444596071708,-0.327460835487406,-0.766928490246942,0
0.226243175999765,1.55762676137575,0.68624953474712,-0.639298391417862,-0.16325454204413,-0.310469930634164,-0.684290822876227,0
-0.106425971121799,0.727333925653216,0.613502086625844,-0.895423091109487,-0.299850700263808,-0.0598684441036336,-0.323609026228584,0
-0.144357088941781,0.557985272208815,0.649787707524564,-0.915008107491123,-0.324887316669028,-0.0219765061671493,-0.238170978447327,0
0.0277950051983452,0.169669209474513,0.671843530307342,-0.940232556834162,-0.327310635794061,-0.0410017341966802,-0.0845537166263053,0
0.0487089807563285,-0.227800309273084,0.648484627231748,-0.942352892229639,-0.319055956513374,0.0132647951169822,0.099991775096064,0
0.163731461401087,-0.281455999953295,0.494329921078137,-0.959615455874834,-0.252547562783035,-0.0443038513936856,0.11573703722015,0
-0.687188262600765,0.26098559986168,-0.0808179812019602,-0.931011888519199,-0.00608576682961293,0.338685964856769,-0.135910377594298,0
-0.790123610771159,0.203931875708108,-0.0521685819658177,-0.916844745705456,-0.0152145237160116,0.385186304699869,-0.10390249229358,0
-0.368451330093227,0.287205656754111,-0.0069448407898918,-0.972862486035719,-0.0228369411594783,0.181787232191603,-0.141316832443186,0
0.118926288224379,0.385206278098291,0.040372667997648,-0.979345315855466,-0.00840362633369466,-0.0621742230614132,-0.192214682830132,0
0.476191155256332,0.508138119107709,0.0338159830903842,-0.939455528298125,0.0433689441009237,-0.232377971195879,-0.248078435684203,0
0.885217728965173,1.14937952516051,0.279157716107875,-0.718711264386002,0.125023812030891,-0.424338648236675,-0.53643253454935,0
0.033505082253558,2.05106778949973,0.0506322295826393,-0.518040978524524,0.00119124818278566,-0.0303250961051688,-0.854817232383396,0
0.507428512450928,2.05940197235189,-0.0526544213549807,-0.504076677751106,0.228194591144296,-0.107398299023258,-0.826014239897677,0
0.851528231921164,2.11589331599441,-0.0413809330163871,-0.454207580065686,0.369050122450045,-0.186190466278597,-0.7891961600392,0
0.945693620672772,2.23257371582737,0.00300988800681591,-0.390233907585294,0.408597806450917,-0.201143926555827,-0.800191500331164,0
0.13663885672673,2.61531065437319,0.150020043458622,-0.253838417108752,0.0462836160310505,-0.0898984351242636,-0.961947058697292,0
-0.181399007670678,-3.04015841208342,0.394278520962989,0.0317914320818094,-0.0788180048720758,-0.199311720084472,-0.976243746162067,0
0.320405356554834,-2.85241945726245,0.402313840386849,0.17090995034062,0.183090516420777,-0.172665952137863,-0.952603856977266,0
0.966021329508752,-2.49750343308531,0.263023314941396,0.335651385937607,0.473522349335154,0.0355702843270045,-0.813541316300328,0
1.06904727374958,-2.42958503582398,0.405149608283433,0.389849427969335,0.528065185475755,0.0116496270625695,-0.754340014039629,0
-0.0724145109732773,-1.05964318826396,0.510634039665413,0.829757429198139,0.200082377535803,-0.157774747590938,-0.496564967857286,0
-0.349050336103762,-0.994712147005654,0.382229506772978,0.834001951298305,0.0830678941875981,-0.23907581303888,-0.490288907230734,0
-1.24428416800502,-0.825123055137656,0.0151386037645023,0.742659486345685,-0.228027150967989,-0.536331321879256,-0.329862404749549,0
-0.545557069648136,-0.504787708283284,0.156617726540522,0.924394084648811,0.00587838749184077,-0.278886471186776,-0.260160227911673,0
-0.257555091331343,-0.202449030274228,0.431493521104694,0.960991499493961,0.198541147999217,-0.146256266660868,-0.125243130774639,0
-0.280359404216096,0.31569624560945,0.536172187129404,0.948768177113884,0.28020597807498,-0.0918252117013597,0.113541504215289,0
-0.487977419356727,0.224663566072885,0.796903837455097,0.899234869863688,0.39908577051956,-0.179043420677673,0.00711599192721322,0
-0.450463988437846,-0.453005337572349,0.853833845953064,0.843826352513629,0.347646507423601,-0.288733873014361,-0.289364356474382,0
-0.254577017119001,-0.99584892581625,0.724283417483297,0.793464971972998,0.252044805480125,-0.272132258797961,-0.482525414260724,0
0.271167117911919,-1.94158797894479,0.751562514675194,0.561365978794135,0.309097132325663,-0.229120891308131,-0.732687385426923,0
0.00149139679536129,-1.70988603834078,1.53989658857122,-0.471551114583032,-0.457226153877178,0.524879016390171,0.541373934155553,1
3.09982018488595,1.48087395007326,1.4996038799353,-0.448360957625174,-0.483082157966208,0.549696479054162,0.513261910442888,0
-3.12185148732248,1.4257655696409,1.4230787432782,-0.432707960118997,-0.500176606113809,0.568682003521304,0.489068390530745,0
-3.04746213312812,1.34673127684684,1.32026932390953,-0.411047005064477,-0.514611895637884,0.598817941979328,0.455666496747287,0
-3.10240051141969,1.38380378473616,1.05036311323082,-0.332869408345154,-0.559480111401028,0.659862858305406,0.375181152778535,0
-3.1186067939429,1.38284257598979,0.950139282329008,-0.29950708556388,-0.571033860507235,0.681636495043582,0.345814186787956,0
-0.0401313674408062,-1.6267230451242,1.341213300686,-0.52910477751839,-0.415473532095034,0.462263696406152,0.577704147716848,0
-0.0533461475052621,-1.60914783637753,1.21015156403176,-0.559174259805535,-0.378488073609664,0.424922397788738,0.602919405643484,0
0.0372900457574311,-1.64518089260922,0.881908548818993,-0.620973271833077,-0.302671291991885,0.301283210776879,0.657275163983796,0
0.0417802079065594,-1.63838836911685,0.703228844234328,-0.646150611682433,-0.249445406166214,0.238182186892562,0.680834452381344,0
-1.47661342639655,-0.270758735288172,1.36219228048469,-0.512137071826426,-0.390860382941795,0.580939078096833,0.497446978370049,0
-1.49601305332998,-0.229395726485563,1.32217364700789,-0.527015672137365,-0.385670528190267,0.584863998725271,0.481089136114677,0
-1.53933008558419,-0.169255913651696,1.26857795109623,-0.541531505733209,-0.376671875434937,0.594505078184391,0.459810360282548,0
-1.59089809021723,-0.1082475946264,1.1980856057859,-0.555452230321442,-0.362190541320223,0.610309515919504,0.433374034921561,0
-1.6336919661755,-0.057460872681069,1.11623083452627,-0.569320538633106,-0.344602790173074,0.628528174451054,0.402585772198244,0
-1.62728165065533,-0.0381496861231693,0.856608339467506,-0.618942755253689,-0.272609081049,0.666463433518976,0.313720535417597,0
-1.63005724942751,-0.0468150630622561,0.671833234091253,-0.641722385385942,-0.209936060615807,0.692173751860061,0.254979715136927,0
1.38634746752657,2.69859845150684,1.2845498081239,-0.238094313541334,-0.39792666215519,0.561926959132841,0.684984298873186,0
1.39047264260457,2.70350369095674,1.22936229378793,-0.224267024368878,-0.414582036622419,0.545981158199885,0.692625829711852,0
1.40677207622899,2.68202125053257,0.996552205210297,-0.148402643689414,-0.470205772055744,0.48431087008741,0.72272131347747,0
1.39233217527051,2.68616338965153,0.896265247000809,-0.114566797458079,-0.487985404434212,0.454353816498353,0.736415121853187,0
1.39979897229809,2.67159167683836,0.64759283665126,-0.030463646219934,-0.537216098874569,0.378869664938331,0.752946568342587,0
1.43401194439666,2.61240165705173,0.508688855629844,0.0311977011024662,-0.564257134780369,0.349381380053049,0.747377528165248,0
1.45320799888617,2.56557020281137,0.436001681531067,0.0695177719379218,-0.57597856342052,0.339230907180477,0.740498679460695,0
-2.93457969469397,-0.851379074677704,1.31767273960867,0.177047320844679,0.267165100016171,0.742404082546481,0.588313829737401,0
-2.96248553833569,-0.819025559959477,1.27476463304683,0.170063398875482,0.269882590165467,0.755442444111687,0.572318503057765,0
-2.99414095663873,-0.793752017149667,1.2007283632827,0.161725207827305,0.279699839653564,0.775012849702676,0.543109535362215,0
-3.04847458200257,-0.764153669092537,1.03428689671704,0.146597264413661,0.302390441249276,0.814261740933138,0.473336040774142,0
-3.06313883320334,-0.789801304233512,0.822820705284447,0.120552689710632,0.337867754462798,0.851397270218659,0.382668322511688,0
-2.981656127193,-0.85847842441162,0.739578327348779,0.0822080089169481,0.360554715379094,0.857124505542272,0.358580045960054,0
0.00555604309043426,2.56305175601699,1.32573707619195,0.223205613932506,0.173439717487711,0.590435217555391,0.755965674026937,0
0.0529225866651151,2.56294445388542,1.18070814688644,0.222815889301297,0.137694181394008,0.539603175402776,0.800138571904635,0
0.0629332418837444,2.57849933878055,0.97057802750456,0.231542675324212,0.102805823381143,0.455608108252535,0.853369869126366,0
0.123390218995761,2.56111459830204,0.586875892288856,0.256339454625573,0.0260669867377983,0.2935106855629,0.92057699455587,0
0.182192770056454,2.50652094788595,0.390286584920883,0.288272417701935,-0.0244904012388609,0.211313714859683,0.933619663801529,0
-1.63568193792247,-2.14490096271717,1.25824185117864,0.11287948499785,0.325894215786333,0.635422539403084,0.690861278760271,0
-1.63015432635634,-2.13929045045165,1.19879882338185,0.0880355360056911,0.341134825140397,0.628019367805055,0.693879224384661,0
-1.67269052668159,-2.08970020707661,1.0716305103617,0.0384134363204678,0.380158280822525,0.616299870208531,0.688606192063776,0
-1.69971911149246,-2.07242764452229,0.838092223352321,-0.0441989490979728,0.453618233385999,0.58071355017521,0.674572940328103,0
-1.73192352587186,-2.0567319040965,0.628614447087392,-0.116389209760088,0.517017923298594,0.545503591860509,0.649285589998283,0
-1.74528408540297,-2.05759638517266,0.548816346875564,-0.141357107305782,0.54183605282654,0.529592332476456,0.637152846103326,0
-1.51129297862391,-2.18009401607683,1.29399967798959,0.0979609315031817,0.282254161373732,0.642033476831191,0.706065993178164,0
-1.53878528397146,-2.14713031454964,1.20183890858106,0.063101794270932,0.310608256810306,0.630675207326392,0.708370937585508,0
-1.6264996638431,-2.04055398936506,1.02778905520174,-0.0086613268247769,0.362504101409778,0.618849457621044,0.696807746283443,0
-1.62791761522661,-2.10677906164265,0.719021957939613,-0.0956168790657565,0.471968634684792,0.546556845048161,0.685112080845678,0
1.6903268309135,0.892442674687641,1.45011154471304,0.233951560323473,0.155363940309428,0.695010898551125,0.661882537180204,0
1.61891198635523,0.979665320044799,1.23510572688992,0.299115047537019,0.0748245195774097,0.708747761879913,0.634514001595526,0
1.56827246523649,1.03239431558849,1.11116816657499,0.339284903118783,0.028626995757966,0.706130784366236,0.620842567403577,0
1.54853651461487,1.04540087644342,1.02752909759937,0.367952346255457,0.000454688790186182,0.703026902413036,0.608575358748112,0
1.52645770033551,1.05519508388798,0.69168803747705,0.469403419059677,-0.115765937784242,0.685222368454253,0.544728292059001,0
1.52825170455279,1.05166387205464,0.527820583062792,0.512238238008247,-0.172373349368829,0.672246740116001,0.505948282581656,0
1.52986259817351,1.03730626613464,0.381699610240947,0.550060119166072,-0.218187949334817,0.658335325796516,0.465212222150033,0
1.53493749743431,1.01381780003237,0.221090969856745,0.588144729662323,-0.26560652625032,0.641844165032707,0.414216061954118,0
3.1204032668341,-0.626842187596713,1.51559887802022,0.219221348793261,0.230859250103739,0.688681227464546,0.651432345913405,1
-2.5778003391138,-1.14222953390035,1.52689962491885,0.189932317144439,0.213310626765613,0.687781506675188,0.667368577335723,1
-1.92391430161513,-1.77051351552819,1.47336123004808,0.158415337151424,0.227082105697643,0.682095807270783,0.676818687793317,1
-1.83113361879391,-1.87400886495219,1.4693612541865,0.160527602724277,0.232205310040125,0.677578960407201,0.679115795212334,1
-1.78353311736722,-1.90915479129887,1.50337973191378,0.168493259792575,0.216060221623333,0.678549558757136,0.681541213830979,1
0.184151126782543,3.03737186298652,1.5467305287444,-0.0270279885884305,-0.0294727617774684,0.698071972444118,0.714909990029695,1
-0.632769916718073,-2.51768870097461,1.53381967359465,-0.00454875255180164,0.0108184509316222,0.696403809761154,0.717554131922375,1
-1.3721577256966,-2.13409739964061,1.49554010083498,0.103430975045696,0.152817667228702,0.685002569442073,0.70478379853213,1
-1.76118351171389,-1.89304514095642,1.53472894074858,0.166515619615809,0.191960923212957,0.683053991143987,0.684734054939048,1
-2.97442535259844,-1.11075656111953,1.54613172506032,0.31614668464276,0.326546068788318,0.636808720495168,0.622810982748834,1
0.113480168074964,1.30733109514307,1.51496751150209,0.552169203368127,0.519524104660208,0.449860919146089,0.472047622226465,1
-0.0204429700742788,1.39533626611995,1.51336222479027,0.561699909385601,0.530850418537342,0.435319603321929,0.461722661066166,1
-0.3755107095134,1.66892468856607,1.51117899432016,0.575061250585111,0.553081773531136,0.407904267996912,0.443868388752177,1
-0.847563647057499,1.98874678026281,1.53622180918913,0.596857473649205,0.593140648605662,0.369792127533792,0.393953090289793,1
0.491682447761489,0.504396687090855,1.51213077247827,0.641678132051828,0.600202965979205,0.337511076150563,0.337774742577666,1
-0.0999882517567891,0.617508370379299,1.35760152386975,0.750129152795527,0.609242348107643,0.153494507700432,0.206323484728966,1
-0.322252587649924,0.534167643411275,1.38455295033486,0.759909659182689,0.640279622592434,0.0471562214984614,0.101762145275408,1
-0.419672241877132,0.535290411320743,1.39205634148693,0.759159701915074,0.647056945615532,0.0116896376220043,0.0696931662717244,1
-0.434931625817926,0.42455955395637,1.40289988799421,0.758506481160108,0.650707835049009,-0.0283569316906158,0.0210486272644847,1
-0.319359307045352,0.147333169200787,1.38823201210168,0.764269269543761,0.63885007387954,-0.0753971386532037,-0.0455880149502704,1
-0.193654417331473,-0.183095639820896,1.36542457111462,0.763420291467127,0.61845787090121,-0.132100078059921,-0.131334757713704,1
-0.239897232933449,-0.423084914127843,1.36428897661754,0.737625633779321,0.592473466724626,-0.22223846332266,-0.235570816660302,1
-0.466565260309047,-0.446512981612816,1.33447349763155,0.713615890466988,0.546907596943993,-0.310386206770246,-0.308714709719371,1
-0.414514163816758,-0.519807755329741,1.35624506245919,0.703316187176388,0.552106377899839,-0.31263329528838,-0.32060137263108,1
-0.159286936948841,-0.557426762816726,1.34776732348685,0.735209493392221,0.580939133379865,-0.230905975557622,-0.26202878260896,1
-0.256674426425119,-0.227543037756468,1.34231363184712,0.762605441786007,0.601412298180247,-0.169598135233559,-0.167250078398309,1
-0.353798866481721,0.491508001075198,1.38552448426801,0.762060508135253,0.642752721856664,0.0216106137672512,0.0752703789420032,1
-0.25932492063001,0.632517918723878,1.39277250007138,0.748792596202888,0.635370447356714,0.103550149411145,0.157769889595622,1
-2.95492644973598,-1.90384108268234,1.30967777323634,0.451034055965428,0.610302562377097,0.504350023971064,0.411983062726014,0
-3.00397367825248,-1.85209105476987,1.26054251537903,0.436551690496167,0.619806291070919,0.516765846861278,0.397763461004562,0
-3.05067700840871,-1.80402644795771,1.17989908364363,0.412611194201698,0.635610652735069,0.534528983565846,0.374205550596361,0
3.14033648051217,-1.7164413546713,0.921401414953489,0.336769668546703,0.677972287508462,0.585410572772028,0.290231210903495,0
-3.10010128177843,-1.7432375060555,0.856521986795176,0.305637458302611,0.690556259918335,0.591933038111632,0.281661147489028,0
-3.05152882303276,-1.78504883447275,0.761321006918695,0.262780746639519,0.711694286478089,0.594967876081508,0.265425460642877,0
0.210524724582116,1.2111380482998,1.45573417401757,0.570647439321143,0.499297980365896,0.4410952145594,0.480102037703077,0
0.196251188317864,1.23055506808353,1.4013963477526,0.584751861540703,0.480756745661595,0.431504052513561,0.490655065724896,0
0.169087990898885,1.27586878435921,1.27184379578385,0.61412051155537,0.434948945924773,0.407013441118902,0.517702036725867,0
0.17053048345208,1.29409978401082,1.13083231460094,0.643737333634584,0.382568783105534,0.379178898745753,0.543568452632917,0
0.160520097572115,1.30095360189686,0.992525731265078,0.674427070334657,0.334998342081547,0.343513009449673,0.561179987636912,0
0.139129655288467,1.26741225342322,0.728015572126629,0.736563166546808,0.247740788081843,0.262646225353879,0.571940637942996,0
0.179107826956544,1.19937152054988,0.429174627211071,0.792598699746721,0.125766291384874,0.191836355066897,0.564950336971179,0
-1.42071369738764,2.81548923000752,1.26672609536787,0.480032026273679,0.591490086389547,0.357429591679392,0.540326518858015,0
-1.44354020254442,2.8432191772917,1.15998435575273,0.451385895679695,0.607669313105686,0.324648164431498,0.567091065479251,0
-1.50360691123762,2.8798834400577,1.02802814426486,0.415918268087505,0.636482108105292,0.278480946319173,0.586814119331714,0
-1.56911959105779,2.90625124917268,0.833631277188074,0.360024732385491,0.675192964820547,0.208688563897674,0.609053087893635,0
-1.58210781545237,2.88593578943224,0.719487330430205,0.332180892668344,0.691698274437085,0.160646625281549,0.620807491432394,0
1.465665834687,-0.221589272655892,1.26465102058128,0.639612668138237,0.496269195182259,0.48775369359658,0.32666310425044,0
1.45711291793656,-0.200517151242036,1.24028048281246,0.642881766185516,0.485670298606728,0.495698685627947,0.324206935216631,0
1.38553214249276,-0.103605474600984,1.0985722106449,0.672674178472649,0.429396571378365,0.523186232276698,0.299005230914424,0
1.40272090885815,-0.121254354664583,1.02440783772411,0.683860199481524,0.407809841985175,0.538730022176421,0.275311191938976,0
1.39340476479124,-0.135513569061364,0.757542513905925,0.727030003544093,0.323322189507699,0.575639067503186,0.188493310557709,0
1.36410517152075,-0.108066337652755,1.280138004187,0.642044014921381,0.490263639104097,0.479828023981945,0.34232447064968,0
1.56748363562804,-0.299571425430791,1.41317990122671,0.601063461786619,0.53481829386125,0.462287146829633,0.372803740580945,1
1.55577478248943,-0.284215292573517,1.44634216279126,0.594482795310987,0.541203502830557,0.454055582712221,0.384086488821519,1
1.4208168741271,-0.119568170130122,1.50865459565801,0.578144182705688,0.546610155466212,0.443371029739374,0.412781661568317,1
0.348918896488386,1.2303322597082,1.50642109829404,0.518205019815229,0.477042121223443,0.492142373011513,0.511556629054893,1
0.137879175826926,2.55132037305468,1.51799960114275,0.16517500168408,0.151883177249977,0.671413771600928,0.706294693827732,1
0.722545677278741,2.64296366448355,1.44505418529443,-0.0533731475884373,-0.104317572563179,0.664891775235095,0.737690997129547,1
-0.0662244283764158,-1.90221618915239,1.35266012317829,-0.435819289880876,-0.34231425217445,0.524264327871171,0.646551887124949,1
-0.0854019844997049,-1.79386805133049,1.39185036572806,-0.457080375128607,-0.374084324259369,0.520950285772669,0.616237922677097,1
-0.0707351161830233,-1.58949067744527,1.37951447779274,-0.52394316735129,-0.425995977591663,0.472976247847894,0.565954399077481,1
-0.12867370579093,-1.31063730826771,1.39532828534452,-0.581171376257221,-0.47827290854201,0.429758387733963,0.498801075782358,1
0.12648686189662,-2.51085659875683,1.42757955957534,-0.273319012675546,-0.248077804421773,0.606352938924581,0.704336682585733,1
0.311207054195885,-2.78764659323204,1.45106283442372,-0.231346266405091,-0.229538274557152,0.624865969004297,0.709460030759332,1
0.551106136225499,3.02847637912038,1.46517774737862,-0.141234818730229,-0.165573171936541,0.65397150742172,0.724540852563137,1
-0.649876325274826,2.60831795707204,1.42179763315683,0.390171433852997,0.39630474246226,0.532774477563452,0.637855851762656,1
-0.923723642399462,2.6932602280621,1.46684875604646,0.438675703267184,0.455974885225544,0.510696503793652,0.582099253461957,1
-1.09380129944143,2.46450410058225,1.49398992496933,0.541420459180743,0.552651804179183,0.420668708175243,0.473790708877099,1
-0.391670857234585,1.22885830680295,1.47177841523463,0.669385809465239,0.621143232030392,0.26171809089165,0.312421659077704,1
-0.497559595785632,1.19553860651343,1.5011671147096,0.680386173882842,0.647771354826715,0.223213070946149,0.260082256443693,1
0.905543883923293,-1.20788569896783,1.50885384674106,-0.709474311900556,-0.687940217516857,0.0873704034429171,0.125502184583404,1
1.42448963220144,-1.94733445383437,1.53237940924073,-0.681395677515531,-0.684515582705437,0.169230407747027,0.19621249917253,1
1.06632126309223,-1.64473071706689,1.52402031473181,-0.681088153964845,-0.674023739719895,0.185450636318108,0.217758844563491,1
1.48112739160947,-2.33659645732692,1.50134297971155,-0.634871710206844,-0.651156506571214,0.269977807376135,0.316298953320602,1
0.372417237962212,-0.230739552869694,1.51033151643118,-0.725420249768373,-0.684601776751452,-0.0563745657017215,-0.0436772894609291,1
0.324921062505737,0.128131661688367,1.47285042705597,-0.722663344076544,-0.653768189076524,-0.162022080804218,-0.155221195993373,1
0.657382484878626,0.115473037933589,1.47481132776107,-0.686896301371946,-0.62152651420369,-0.275268563895665,-0.257109722231546,1
0.15683008691518,1.13526719103403,1.48971579366873,-0.589435191736262,-0.538842112409475,-0.411886768275986,-0.438821775900103,1
-0.54935193858469,-0.500755469114947,1.52252833844064,-0.628737029854439,-0.594620846705547,0.354755769559541,0.353926642285566,1
-0.903115833417978,-0.413145192611792,1.51476052720317,-0.578415626224124,-0.539981351658767,0.437129110520634,0.427520260061485,1
-0.893107295076187,-0.707390983501222,1.51680381325957,-0.511343921975451,-0.473335476071037,0.508955447262345,0.505415870468598,1
-0.752767827236396,-1.22798900006065,1.51706672674523,-0.406077890225022,-0.369158157417935,0.586622740878627,0.595564177892903,1
0.644784957697595,-3.12202169369184,1.49641048556066,-0.222343989790292,-0.238516297091539,0.642971292672382,0.693008637155396,1
0.413379613195189,-3.04437377390955,1.51103456980409,-0.175163970903196,-0.18181522303207,0.663020412244393,0.704744399628872,1
0.30797418975328,3.14088240428191,1.48420783989127,-0.103401326906365,-0.112810788348466,0.667883517276882,0.728363526748863,1
0.252221942465447,2.90764234148216,1.44593908873559,0.00417098201870775,-0.0170658230185801,0.662882006499942,0.748517691441639,1
0.119012327850614,2.7843957242573,1.42631738125157,0.0958303640385491,0.0717553478390316,0.650670568486399,0.749863621485808,1
-0.16790079726148,2.69278134905315,1.39313374412469,0.222537385861438,0.204973629257572,0.608985932622242,0.733211419609228,1
2.79983667634062,-3.09480118456504,1.33618131125772,-0.613421755230323,-0.775825490876367,0.0872170108350772,0.119170797427178,0
2.85017227315854,-3.13807902298076,1.28612644143365,-0.593498464204221,-0.791933943530435,0.0856750475058823,0.115151707864125,0
2.95284679271526,3.0526999801906,1.18788075897596,-0.553120614575144,-0.821896190633614,0.0893421171527027,0.102772324401813,0
3.03973140781039,2.97712588770089,1.03451217138687,-0.488552391127359,-0.863050999042066,0.0963915175932421,0.0846648487616568,0
3.07859883093824,2.91542284893325,0.845281254698642,-0.404107204995324,-0.904276646759225,0.11569816438033,0.0747995601071797,0
-0.0987042780748981,-0.274336136912728,1.20559364033949,-0.811197792291161,-0.555382878590573,0.117685021825026,0.140207575698411,0
-0.124313739998711,-0.239126357091262,1.16984358443572,-0.822113413250142,-0.540956358358155,0.117151103619462,0.133309048458241,0
-0.114432270995482,-0.225272970194883,1.04087997522537,-0.857495721465859,-0.48772584865134,0.105099306603873,0.125613091495265,0
-0.0799613302633698,-0.225766519847076,0.85611540188403,-0.901392023315,-0.408036855890458,0.0828537740557354,0.118884504322199,0
-0.0637063247602723,-0.191231568962967,0.580212261269422,-0.952483039768204,-0.281689419643654,0.0576733417644501,0.100502964877241,0
-0.0846006545849783,-0.147759944938654,0.255420805704854,-0.987868030276284,-0.123806526025142,0.0512215596338315,0.0785173917190918,0
-0.0449751556963286,0.0383582806194188,-0.0729760470584035,-0.998882207613918,0.0360330552934228,0.0231660178674191,-0.0199804797409976,0
-1.34678538388593,0.870094017190935,1.32301989622697,-0.720826238307045,-0.642874717118935,0.243868965567672,0.0874613497357629,0
-1.36599984296489,0.935787082878918,1.2543833055162,-0.727599057402081,-0.636767602626933,0.250773002714081,0.0473229522949509,0
-1.37255319918351,0.972728392488945,1.17723263061112,-0.733251118826983,-0.626047354893505,0.265144997370978,0.0102745041622646,0
-1.34720127007563,0.96167929647893,1.05754216338609,-0.743868882260407,-0.598696601939556,0.295168467479538,-0.0331205149411784,0
-1.37393492147565,0.989762820751959,0.879681191707761,-0.743897624084011,-0.562244639379207,0.348634494858165,-0.0946108217682164,0
-1.37424001939671,1.01676316507463,0.61770073114787,-0.7372067222403,-0.499420556290985,0.413492981588853,-0.190075876379415,0
-1.37634558318935,1.02889572426592,0.358474141339691,-0.717373625614849,-0.427390629360495,0.476303320583519,-0.275404077478872,0
1.07629387316224,-1.39827862875146,1.32237251126398,-0.721264175048265,-0.663906977703683,0.0296962378642744,0.195252596536298,0
1.16186226924464,-1.50026498849007,1.2566103179394,-0.714693318321356,-0.662159045912867,0.0101457094314098,0.225068548979775,0
1.24232750496828,-1.60451385069307,1.16133088707066,-0.702127432180642,-0.659907664725638,-0.0175065319395627,0.266893973334436,0
1.3508390398388,-1.74163712093005,0.98773814485178,-0.669373034666647,-0.659391920796022,-0.0716757428150861,0.334670811264594,0
1.42856149144518,-1.83624048145656,0.749086392729709,-0.61745286797128,-0.652226913006836,-0.150649912875181,0.413105969532643,0
1.60851325718022,-2.00521859721017,0.255185777477407,-0.447476973816016,-0.649697947258016,-0.310058075647694,0.530585387355557,0
0.0077355900038728,-1.6021069253979,1.5269260764835,-0.504703759555275,-0.483202293877715,0.494558056725499,0.516915879997243,1
-0.302038860556337,-1.38622869172477,1.52864294189882,-0.482448933300705,-0.456916737577755,0.520682276228145,0.536059817862569,1
-0.816328222765985,-1.23419982793863,1.4904231382758,-0.394393705557161,-0.338811877209488,0.598090400764818,0.609875421201503,1
-0.995036077742648,-1.1686610426215,1.50768052362319,-0.354188365798186,-0.309733756779167,0.622007898877865,0.62587683687963,1
-0.432483607822453,-2.08429502644329,1.52322909565231,-0.228667793478594,-0.205868584359268,0.660327270111365,0.685052627421012,1
-0.81335249098308,-1.9565591860994,1.53896211818071,-0.140104057339086,-0.12117224956087,0.688754380166861,0.700931939290944,1
-1.05068739942416,-1.85772491036458,1.54055759099513,-0.0920789086923746,-0.0724140829597742,0.698027994373056,0.706423834537427,1
-1.4881899277132,-1.60401035372143,1.54542235809819,-0.0264170830577034,-0.0085044355878818,0.706315006352727,0.707353492689588,1
-1.7740468889568,-1.57158478625017,1.56268633437644,0.0691552718887422,0.074863969718558,0.703714707079645,0.70313482713572,1
-0.411380652860368,2.95084638173238,1.53771812460136,0.208366340073211,0.210941376582365,0.663586264344589,0.686833686826542,1
-1.23588875128504,-2.85575261972883,1.53682116869524,0.315072562143945,0.331638075444622,0.620027063165366,0.637426033895205,1
-1.41032517650085,-2.86199512729172,1.52434901291768,0.366429354991734,0.390992525656543,0.586016516547315,0.60781498417317,1
-0.173552211723799,1.67171633983329,1.42912586963622,0.54673992631361,0.486311792552388,0.440412038403351,0.520205315429032,1
-0.128283171049439,1.5030683235747,1.4395215581094,0.577135607131314,0.513560857785872,0.413937053992031,0.481483012687721,1
-0.0670993449164263,1.22977053672419,1.46838530545745,0.619022008100932,0.561329652418565,0.365934178879063,0.409649840100091,1
0.187428948665934,0.721846742581123,1.46736355316016,0.669685300047173,0.599174008304803,0.30045004723968,0.319752898369139,1
0.190621402491608,0.559969169169316,1.49267323354861,0.684534260393051,0.630245650718412,0.25391961903582,0.264060852477911,1
-0.102286413552919,0.634259491317753,1.38129799323784,0.741592548586078,0.61676814702322,0.160953770594357,0.209120704005039,1
-0.221107893839927,0.612632839297449,1.41184521676208,0.742742410881289,0.640080464063424,0.114377755841559,0.159838918033283,1
-0.113414258347352,0.298384132278996,1.45122582489109,0.744183999933886,0.661469834069423,0.0565490469837451,0.0738246441360734,1
0.210435572580372,-0.513254820324938,1.44292556947157,0.739841823034218,0.65533595145079,-0.0904430383116835,-0.122429424737838,1
0.127150242148818,-0.546439729661566,1.43019902773194,0.736793778274124,0.643038947930176,-0.130380793844056,-0.163207621719626,1
0.0670575023507202,-0.700070910804856,1.40548837797744,0.72382642078721,0.615552908951913,-0.197487702746983,-0.241181623349526,1
-0.00787670735848289,-0.819854244015696,1.42239358368056,0.693785714976448,0.597467442345562,-0.262879296435473,-0.304283670249836,1
0.0747175897251772,-1.08825164259435,1.39104621786353,0.668776235543897,0.562706046640345,-0.306951732356161,-0.37667084496627,1
0.0270322016548297,-1.19111061101143,1.37799883235404,0.643755048755176,0.532114226127722,-0.347975164296172,-0.425848814470456,1
-0.0251769279246465,-1.17759925256926,1.41259045818201,0.628076371851061,0.534368631366831,-0.36837705862421,-0.429265208401514,1
-0.605307639513965,-2.35953985049358,1.53641694284313,0.070170251454382,0.0546274436998226,-0.694897556644033,-0.713589100135245,1
-1.69342105218259,-1.25108241345498,1.53292853383997,0.0826188170798491,0.0564953200214142,-0.706486899365513,-0.70061309606008,1
-0.866545591175432,-2.1001787569072,1.55763428366114,0.0655437744573288,0.0579501411170271,-0.701697906569883,-0.707082656447718,1
0.0477738723273616,-2.85699559713438,1.52050947427862,0.119033963486992,0.114833666567869,-0.679491494633393,-0.714797519453424,1
0.116054291226264,-2.83201233571965,1.53500058224514,0.150550017007665,0.14810467544611,-0.67844732945891,-0.70363979373987,1
0.04150921365476,-2.133797018871,1.4765151797117,0.369284918857354,0.338325166978732,-0.581812402549041,-0.640826885912664,1
0.0957205978792965,-2.08914544905016,1.48431003464142,0.397717967845605,0.369575273450137,-0.566058619006367,-0.620332342110002,1
0.231650283728439,-2.05642966222038,1.44015567195752,0.450830646940752,0.412621062652145,-0.516089982607517,-0.600122284033607,1
0.357468284118639,-1.97593140795907,1.45167071798701,0.503627469659907,0.470526919506001,-0.472163711634028,-0.549568248328481,1
0.11429035309024,-1.03349336095982,1.45871471612803,0.665996100514453,0.599473926405823,-0.291671315717694,-0.334676095608355,1
0.115971675606409,-0.950137341896151,1.44731215293386,0.682835204431659,0.607680662465333,-0.263727995058877,-0.308071226326673,1
0.412506327345233,-1.00083429517657,1.46450364902786,0.704344844592842,0.647210035375601,-0.180339336092073,-0.22911847243819,1
0.989614846243405,-1.27059971382304,1.507269121483,0.709365821351477,0.690207412641981,-0.0786555589644725,-0.119277833167736,1
0.994601007825441,-1.01087453189289,1.5264424833664,0.715345566602724,0.698473454269707,0.00746573301026587,-0.0189698902606486,1
0.758041381201434,-0.512303661979007,1.54664972747864,0.708597278106062,0.694852437638256,0.0917219592747219,0.0815911105803805,1
1.28017674666449,-0.919661191819863,1.54348465738875,0.699965842028172,0.691204259666811,0.135365900336398,0.118155001364536,1
1.29331365023152,-0.874682151659694,1.54159847103528,0.696428462023342,0.686770160070903,0.156038345459082,0.137790490155795,1
1.28935987360268,-0.702339332377028,1.55117826670474,0.680606400168524,0.673062215118521,0.210387318521958,0.198744558312386,1
2.61801439464422,-1.88620077472941,1.55666473770316,0.657132142317171,0.663426769040707,0.256875844851881,0.249112645857767,1
2.37846941971501,-1.46179256524014,1.557090287463,0.632451581199101,0.635769417764258,0.317412504751336,0.308304373169806,1
2.07408285646611,-1.09199176682255,1.56074377681306,0.623503880103348,0.623590898661057,0.336985925074101,0.329875474281947,1
-3.06411460064607,-2.15159902453413,1.4880136919181,0.581968738920209,0.634502394743024,0.372326472523398,0.34654312284257,1
1.99855895464963,-0.143249517595447,1.49032881108141,0.437350776335879,0.410084445603384,0.590341649060485,0.540418193187382,1
2.12398403530348,-0.223176758828585,1.49063588639874,0.421710741918481,0.399788890494556,0.601003052063419,0.548747906038974,1
2.25956952570092,-0.267807505434809,1.49626752628191,0.392196047795718,0.376268288566459,0.618130516991462,0.56790768581693,1
3.06414307280691,-0.697345398187567,1.49939562515814,0.259262458584325,0.27465857247051,0.678325931813155,0.630253613347195,1
-3.04350853044711,-0.767560720982851,1.48983995151951,0.220107704801288,0.244111741700012,0.693288809333914,0.64133666927769,1
-2.88714317963482,-0.798350760827048,1.50139725692443,0.17749682069851,0.202147306518261,0.701920292987885,0.659499270578294,1
-2.74471919990467,-0.836355541922354,1.49377639727,0.138275404269015,0.169761526577044,0.711802584647819,0.667381493284186,1
2.15068116106933,-1.11738436615871,1.51084906686023,0.613199616252377,0.615877970848156,0.370281052507822,0.327982526573747,1
1.93246313474207,-0.847337467593332,1.5229662234185,0.608426953304642,0.602342632774003,0.381631012081927,0.348364473053459,1
2.16059493541186,-0.91274952419563,1.53644828468955,0.574212601117086,0.573383954949807,0.425183927554529,0.400910708849081,1
2.24613880544611,-0.885450036065507,1.53702931645454,0.549655178974733,0.54953572911552,0.456687885311202,0.432811600996309,1
1.69860643784953,-0.259617822384333,1.54791795079399,0.536319961905512,0.527296331731074,0.47266968191793,0.459241644731159,1
1.68535573162972,-0.161866285080875,1.54306487578093,0.517548569231174,0.505725152236167,0.495809364909702,0.480165244672721,1
1.88484224729127,-0.167160466388791,1.54810259692538,0.466092756121117,0.457776089717867,0.542168033229907,0.528443429487942,1
1.46647684751242,0.340385207134131,1.54538397009249,0.445204833169877,0.430008899933417,0.560151147052165,0.550559474503327,1
1.79822990446674,0.146513712121926,1.54931145061721,0.403470121808336,0.393170289669803,0.589779052880199,0.57861013905442,1
0.0791238321963382,2.15926053957817,1.53518816585002,0.314911611693169,0.30216735128738,0.625259723250985,0.646974410109242,1
0.536905434756362,1.87986359729195,1.5159463862061,0.265777585133114,0.235416302100218,0.648864026649167,0.672991051042493,1
0.617583343690128,2.1262151155513,1.50780647939974,0.155873768421735,0.123420320863094,0.677574327508011,0.708070521155738,1
0.692417409966751,2.31038099867826,1.48584103538696,0.0697137488866722,0.0282618407156485,0.683041111911733,0.726495795144125,1
1.09421771855561,2.1681599781286,1.48314401608612,-0.0160168062774789,-0.0692567005256662,0.689292577709806,0.720987346221585,1
1.09778555715374,2.37758383946103,1.48031768936167,-0.0916888965151891,-0.142992020349024,0.677474490309504,0.71566387550378,1
1.35649527774823,2.31900748584104,1.50609778621092,-0.166160857115109,-0.206706530517065,0.671116683354779,0.69228998017603,1
0.342361165188409,-2.65079101269679,1.50287513216325,-0.287736679554087,-0.284175978074218,0.622317171018879,0.670203697132152,1
0.104253619476786,-2.31439730889547,1.49873301141441,-0.326343134416156,-0.308326108975506,0.607560479894007,0.65521406631789,1
0.0367997072975515,-2.04905099394189,1.49861691477097,-0.391004454898883,-0.365301953068289,0.574908919320727,0.61899093143763,1
0.254804447059893,-2.07650967732318,1.52896493559209,-0.439241989692605,-0.427583990953469,0.54491926908836,0.572102643829232,1
0.693543004574055,-2.34455860566549,1.53438199637894,-0.480134848697363,-0.478803071124833,0.506704299428309,0.532418011764329,1
2.15288985731239,2.81150572406366,1.53102412731096,-0.545454897835638,-0.57206583685938,0.428568470213873,0.437662813762394,1
2.75467488802585,2.50200497113935,1.53807104197789,-0.604436975287024,-0.627392658563064,0.348610655263608,0.345695018634723,1
-3.03606338243675,2.30365735036852,1.52207483130612,-0.644682129441395,-0.67536821605843,0.260947971264555,0.245293540152867,1
-2.85770624848398,2.38493867040904,1.50228145731601,-0.66602506431718,-0.708054212077788,0.177538903537186,0.153459520710965,1
-3.10674265809186,2.9415269218359,1.49979915946286,-0.679328226517303,-0.729174820571043,0.0612504219276399,0.0553684694404765,1
-2.98834341404423,-3.02406593027525,1.47130178652085,-0.664612633283237,-0.734925948080248,-0.0946955175419242,-0.0959515358743914,1
-2.89308052661664,-2.89690686724843,1.49213679704217,-0.657381967353457,-0.712988578489576,-0.172423285246314,-0.172529670347082,1
-2.84711375878415,-2.83512978596386,1.50597059747019,-0.652156489006683,-0.697986786764941,-0.209309918789604,-0.209035300820699,1
2.97465941302865,-2.01776616617932,1.50583059141241,-0.609029286422574,-0.64572149503638,-0.339194444767736,-0.311567405183982,1
1.80120789445245,-0.331031272916147,1.5569985319321,-0.526858891129994,-0.522140406443966,-0.478482221626333,-0.469940324327627,1
3.06899409276351,-1.49901631016398,1.55563325257625,-0.496681575070474,-0.503697664835133,-0.503836541878194,-0.495726592072207,1
-3.02426428646441,-1.58029957257037,1.55187862984383,-0.467288443002228,-0.477328683667166,-0.530614415576886,-0.521773150775844,1
-2.05970684265988,-2.38755708934296,1.54167830191463,-0.419322909482032,-0.439636682985302,-0.559961423201257,-0.56332151473033,1
-1.13323797303641,0.526289620520383,1.54636636259515,-0.680575456769934,-0.668913726963112,0.217666603191618,0.20492136005851,1
-0.537492974037553,0.00794169426608221,1.53429552050791,-0.694779122634291,-0.669923657352751,0.188489560120924,0.181537846733527,1
-0.312425041585346,-0.125260268866481,1.52162359052516,-0.707340917817837,-0.672725595105006,0.155090820417233,0.15184194880238,1
-0.110214060218129,-0.229672894568855,1.51374926010656,-0.71676770513036,-0.676506232642998,0.118338038863147,0.120745695339804,1
0.447844245300256,-0.588597212808165,1.52269845447516,-0.719923704754701,-0.690381204106181,0.0412856241104041,0.0581307914392599,1
1.31770882571559,-1.26476558830843,1.5292316840525,-0.710761133060801,-0.702651685231311,-0.0328361448472001,-0.00458791231631288,1
2.37017266069086,-1.95640865161901,1.50060440213108,-0.677746742868419,-0.705458015012451,-0.1657395413498,-0.124574419528819,1
2.64277496510628,-1.90085849321755,1.4881557484373,-0.639606941712223,-0.677287330542199,-0.278435226948888,-0.233791994445844,1
2.81630972120816,-1.85870039767957,1.48181993013406,-0.605151570436761,-0.648786400793671,-0.348103564065562,-0.30280642651095,1
2.73894517880074,-1.59156998384277,1.50029726420108,-0.579576872164392,-0.60749062131549,-0.404177041575141,-0.362886695250548,1
2.80981740185712,-1.47126990052194,1.50087846106629,-0.540893780623925,-0.567557117621867,-0.459243675706776,-0.417621985607065,1
3.09349719288146,-1.54042978305197,1.50421483667133,-0.488155998760846,-0.52010980738456,-0.5125561360199,-0.47799137684626,1
-2.71515373722425,-1.78053898472055,1.52857494195159,-0.429574484183779,-0.456227199995501,-0.557737922280607,-0.544289403016083,1
-2.41273238323438,-1.89659034509151,1.51944070705015,-0.372111710948253,-0.407219728876763,-0.594405526475023,-0.585138511413089,1
0.206452248693701,2.54054742225526,1.49947887542598,-0.148422366471391,-0.128614422626419,-0.669765754359049,-0.716130578553731,1
0.0736803651336234,2.80720337935934,1.4997661529286,-0.0969432312030996,-0.0867684052168533,-0.676078418924209,-0.725252552852774,1
0.103418806917494,2.94735775284566,1.48817389524316,-0.0364001807401985,-0.0277397612165434,-0.676894768468548,-0.73465573220492,1
0.0685146360783953,-3.14080581434313,1.4771687772039,0.0233496657183904,0.025590376192616,-0.672836686048585,-0.738979539219012,1
-0.157771324180602,-2.66371464527734,1.44959243311295,0.125868567386218,0.0991022727460041,-0.656106514238066,-0.73746872836912,1
-0.615267543331985,-1.95825664328505,1.52504395163218,0.210764626887596,0.18543835517348,-0.66853396535887,-0.688660486139057,1
-0.941454427045185,-1.50620355410771,1.52043528125326,0.257472728857998,0.223275471356427,-0.659797333684964,-0.669718878533095,1
-1.33564465053897,-0.8805262695734,1.51128961514737,0.335989474636052,0.295002226505433,-0.637216957820385,-0.627725535246703,1
-1.25363552813092,-0.721504678780517,1.50085776926315,0.413032113758124,0.365327556312494,-0.596354508611171,-0.583353743611469,1
-1.00138416850801,-0.6151743800976,1.50667452628638,0.510424295783942,0.465933274416415,-0.515395620380417,-0.506695782845946,1
-1.13733112126759,-0.24977730401155,1.52784689646863,0.557338262656935,0.529911673131634,-0.458450033550448,-0.445411367185725,1
0.221313719490931,-1.22223503376749,1.51755813285648,0.634296055397532,0.606041275236868,-0.326735417246968,-0.351605594820466,1
0.21071053823304,-1.01247625268135,1.50316077418109,0.67024758020961,0.631098278178574,-0.262049786906197,-0.289504910435341,1
1.24406020453796,3.01507230451783,1.2860807473297,0.307582103786408,0.434569938400273,-0.515823139675794,-0.67116968563806,0
1.18741057641646,-3.12641588521815,1.24905676697629,0.332203544009714,0.457500975450886,-0.481196740388886,-0.669912979250042,0
1.12461430993085,-2.99017057150702,1.22391596394342,0.357775290102649,0.471899596502697,-0.451618202493706,-0.667344477479347,0
1.04809808901665,-2.7873788163733,1.19612170334513,0.403395392540787,0.492953578824495,-0.406997611391479,-0.654692225901806,0
1.02831349634071,-2.47398565231396,1.13067547567165,0.489806852499032,0.545181754325966,-0.304630952790516,-0.608330604133683,0
1.0642479460929,-2.37024675257826,1.09939904378409,0.522005511864575,0.570198317067733,-0.25438193646955,-0.58109723338195,0
1.09991463048205,-2.26683548680973,1.08174675722935,0.553337852945131,0.591800547109985,-0.207863964515386,-0.548071113501103,0
1.16369236861285,-2.19886621585807,1.07907594117207,0.577032412351752,0.614984027807345,-0.168290540725904,-0.510398446276611,0
1.13086856311555,-2.09551070619169,1.06088693317538,0.598632815857863,0.61374855286602,-0.139206731323291,-0.495553217374584,0
0.807266697625969,-1.55428862901399,1.09608084764033,0.703109909200108,0.576679502408959,-0.0970002016304472,-0.404559276558776,0
0.734905677642623,-1.44164867003963,1.060201493026,0.724770829940044,0.559055386587202,-0.0785915340551803,-0.394952819401289,0
0.72030213136574,-1.34667125473866,1.01116440785736,0.74650049637607,0.54659339193423,-0.0416096805094259,-0.377148971353029,0
0.768378089144695,-1.24282434838017,0.961039040644338,0.769288660766457,0.54192663424517,0.0207382121216938,-0.337757969063047,0
0.896423609310689,-1.13199037155212,0.913972377387599,0.785166792075589,0.544190546428716,0.114993764166449,-0.272298057915641,0
0.997571223621008,-0.997019827845345,0.90973229916919,0.793346138897031,0.544315744867056,0.192956600106129,-0.192587809553877,0
1.1033264870286,-0.85900092923809,0.955896944113609,0.787917705850766,0.549935880605581,0.259984430874334,-0.095730617157223,0
1.17619395033162,-0.737779559352781,1.0012446293903,0.776811551782041,0.547965166902874,0.309965063406155,-0.0148218869348031,0
1.2738209662576,-0.57013193471663,1.03698974367386,0.752975002445084,0.52759543478062,0.383661438784317,0.0864618060634456,0
1.29926466541858,-0.443530901559285,1.04372207972657,0.739730542839549,0.502571085626937,0.424225465569043,0.142315922855464,0
1.30824635152429,-0.357822999619755,1.03168697196806,0.732711435581726,0.479392169953222,0.451178288348315,0.172497223124492,0
1.34462088056159,-0.244011873137335,1.04502116573784,0.710777350482278,0.45323517455824,0.488163558119147,0.225986315629613,0
1.36827407223045,0.25571679797695,0.966474317794344,0.643181626773,0.285787095497203,0.600983554119229,0.378763697463262,0
1.41532534288287,0.420291288923437,0.953636763039864,0.598037275173388,0.220601122908139,0.637596257614518,0.432617168843868,0
1.40813134150837,0.424336152837573,0.949862877340049,0.600325030010968,0.219502602488449,0.636166798086302,0.432111455683564,0
1.40134749502716,0.43671098127591,0.951517539841392,0.599413567572225,0.217641049930186,0.635365447035781,0.435484256580085,0
1.46266204673385,0.484267383914499,0.974539684001025,0.563498940681779,0.196821709604639,0.65647467388168,0.461271287542752,0
1.4582716860104,0.576404906965287,1.01584127245643,0.532632873756434,0.182289564742754,0.661202031878119,0.495867573118697,0
1.43341424935352,0.647575844927856,1.0301029096396,0.519112562129704,0.170206354201087,0.66013902166324,0.515527357794789,0
1.50248601785262,0.7186295850751,1.06575132631401,0.467381919813645,0.140836563581664,0.680919999769927,0.545955307003991,0
1.46045992317244,0.878502836802752,1.09587442968231,0.427810002200081,0.109120978853076,0.68038008048605,0.584939483669902,0
1.3867415618393,1.37118127561652,1.04674711737297,0.313376716536137,-0.052945296821426,0.671868112681152,0.669018017529068,0
1.37764784077539,1.40775132884999,1.04243860225763,0.305539374556239,-0.0636936367813807,0.668999749978706,0.674557770416378,0
1.36856333301779,1.50563597872827,1.0576094957607,0.270203762577508,-0.0878626699560977,0.665562984463461,0.690142037344391,0
1.34567024933887,1.61642860730755,1.0639714029454,0.237007417724273,-0.11430444302351,0.657842173304199,0.705695184416503,0
1.27121926224349,1.85739625076927,1.0558585361797,0.17681197578555,-0.167938178380132,0.631765191050217,0.735803694420791,0
1.19121692585392,2.06810037863867,1.04029422949964,0.12769283369898,-0.207978943934277,0.602500543921126,0.759889750710196,0
1.09531787864524,2.31783432823752,1.05460412345977,0.0552558977947698,-0.240347257832945,0.573814822818429,0.780971555317024,0
1.12280102943126,2.41694828610395,1.07623902396854,0.0025009635608903,-0.273676788991086,0.567717480305485,0.776396588712899,0
1.06377607568528,2.70547200177003,1.13796698460456,-0.109701224013828,-0.316685152532022,0.545779796668896,0.767984771773066,0
-1.70267832402735,-0.541188825792121,1.1302014598205,-0.428611736896837,-0.170242669708101,0.706440618860242,0.53689021615296,0
-1.61979726313727,-0.760681257790665,1.11740862922742,-0.400415146658269,-0.111437537855203,0.705909993256048,0.573533352774947,0
-1.57366350645709,-0.870234960201726,1.12278922728674,-0.383118497743942,-0.0882031504175489,0.702026489451055,0.593800698573582,0
-1.54614169523819,-1.00126427705996,1.13301947757103,-0.349942290733814,-0.0541794350387189,0.701312508733375,0.618680682469387,0
-1.45719965804149,-1.1011871989812,1.07056960818793,-0.369212499250877,-0.0247061321424863,0.687172672407401,0.625192366895292,0
-1.15786097835187,-1.27274291444319,1.04745860594897,-0.420355466196498,-0.055111698012264,0.629827861499119,0.650830921227038,0
-0.64388208588224,-1.40900094417133,0.980214931746605,-0.541242715928289,-0.159431957907118,0.501903856514584,0.655538199985211,0
-0.237730473453343,-1.12226247654976,1.09175937729607,-0.685742383009768,-0.382522035679092,0.360133677125733,0.503724181452699,0
-0.2351025518021,-0.547965808872553,1.08422191845841,-0.802606874254528,-0.466090620945909,0.235352798203574,0.288428221117329,0
-0.194597136837385,-0.516952675679456,1.08063104095008,-0.81236473199252,-0.473672295664501,0.211403474917233,0.266470841515521,0
-0.269106246525438,-0.145976341929194,0.94385519005178,-0.875845883548503,-0.440582394987909,0.152017808227153,0.12518692698079,0
-0.270087850814479,-0.103007718702361,0.953308919510271,-0.87609760296661,-0.447870463194713,0.142873165937138,0.107015589992127,0
-0.237099653490493,0.0192086814973842,0.950946709772094,-0.883315173382859,-0.455535355039935,0.100782708595553,0.0456588394307018,0
-0.186310546215927,0.229038858760465,0.938178075915649,-0.887101014302352,-0.456646673611156,0.0309948959573116,-0.0597072981993286,0
-0.180701420943896,0.431243358491965,0.89891820718465,-0.884624475254217,-0.440073682245434,-0.0131947885230249,-0.153624961121971,0
-0.184164934985293,0.534693615295499,0.904145209358189,-0.874523179665018,-0.441378748832777,-0.0351334521847145,-0.197888070484626,0
-0.0839834006423392,0.628399780702734,0.900066120199448,-0.861239852672667,-0.425017135414774,-0.0983701550903131,-0.26067163697763,0
-0.0292035813117535,0.68448346175364,0.896787467674805,-0.850916325387448,-0.412748804829712,-0.133078411869435,-0.296428756189164,0
0.0854351387107668,0.87121492116349,0.973489840525897,-0.792160148237758,-0.407756114683633,-0.231412872655282,-0.390724165073043,0
0.112374109500221,1.05065075756143,1.02880679544125,-0.738152216328338,-0.40048277229147,-0.288651374000717,-0.459810045664814,0
0.135764597169677,1.30986330491099,1.05116762453622,-0.663738365486494,-0.361251592708013,-0.351429870866847,-0.552671470443975,0
0.248065898132377,1.98999508185268,1.06863604706178,-0.412166024969497,-0.185857658445014,-0.481833589396219,-0.750608107241779,0
0.249409183200953,2.08656024956438,1.07210345288026,-0.374527214879045,-0.162708874065114,-0.49171753055608,-0.769070280955185,0
0.234968873973281,2.2313224270653,1.07803893407689,-0.32061488382018,-0.133726178092914,-0.50208385573923,-0.791981847633641,0
0.229032621844843,2.37993932433523,1.08035140995493,-0.262123178519528,-0.0989261361044925,-0.510739041215844,-0.81280423899014,0
0.200551112415724,2.56612970649476,1.071029448505,-0.193841365286687,-0.061525878985536,-0.51127937636741,-0.835005108014307,0
0.191807176992327,2.73719733750316,1.07990977341885,-0.123235186946708,-0.0223077239656614,-0.517803892886045,-0.846282826300147,0
0.229102239560797,2.88274591579652,1.15516444950944,-0.0455316575057084,0.0249523853739446,-0.550243944349052,-0.833388197737179,0
0.0345433771727931,-2.83450156612115,1.14201134932343,0.137885239539526,0.0970100172356109,-0.531817641403754,-0.82990767734257,0
-0.101825498581202,-2.460752445235,1.06728839236336,0.262685968713049,0.128317148288169,-0.493491398622906,-0.819144108543862,0
-0.179739461477118,-2.21080282005607,1.03070491984115,0.349384914085464,0.150496172091875,-0.47369357967631,-0.794289315022054,0
-0.166256744804254,-2.12628161366656,1.02669607134036,0.386373378115247,0.174703851753118,-0.462842512410709,-0.778441407575606,0
-0.178927692079198,-2.02336112060151,1.03383812729899,0.421858155108031,0.195251800856423,-0.458473134958155,-0.757439671093487,0
-0.230809973312823,-1.8084887933662,1.07469749756027,0.481287204332051,0.236619937640839,-0.460785452227959,-0.707142445929401,0
-0.236695684428399,-1.64248414179957,1.0871634438132,0.534329756051391,0.275943111149004,-0.444790578314927,-0.663708137959976,0
-0.255404736420365,-1.57650087229213,1.0768838100326,0.554083242500474,0.281091395142981,-0.437766623961657,-0.649876765260876,0
-0.000138743790458524,-0.64783369276921,0.95899803019383,0.841076720829512,0.437323905796954,-0.146892947130497,-0.282418577071166,0
-0.00495742294488774,-0.601538864208685,0.889121797071171,0.861953432938578,0.410091308901904,-0.129544868116645,-0.268476375856838,0
-0.00607043170661687,-0.49337562790299,0.776629502429524,0.897244178089642,0.366479067262124,-0.0951824980238798,-0.227126197485031,0
-0.0420010520932403,-0.378615697300754,0.630971289479743,0.932230314080805,0.300911231288922,-0.0779809642416127,-0.185251397617824,0
0.0174539058752427,-0.244062140960145,0.313704363497431,0.98050726344711,0.156091503808406,-0.010458839237506,-0.118876411011196,0
0.0404595560692235,-0.0899989514514969,-0.0375586613253402,0.998590107172267,-0.0178455791594959,0.0210489096491425,-0.0453466235497558,0
0.0901362254181511,0.14572941376809,-0.436661748282996,0.973391656229203,-0.219008324125784,0.0281140572589356,0.0612672532430317,0
0.156864312721939,0.498760140514197,-0.936189684177278,0.870888910772419,-0.453142867297541,-0.0432516658022494,0.185319667924455,0
0.295696825173737,0.783647811436166,-1.18249165969816,0.790310454380592,-0.556237671659207,-0.0974981074639985,0.23770401012672,0
0.525767310366893,1.13066996136118,-1.3733124407355,0.718858308128726,-0.624587015771186,-0.158238029187567,0.260949340756487,0
2.33813593362606,3.04968564654483,-1.41485984990968,0.611163347694634,-0.710460408801002,-0.221707790946336,0.269390173342068,0
2.84695929715204,-2.68156104138239,-1.23804975016626,0.531583871130186,-0.764986937613731,-0.266603589830841,0.247257233260601,0
2.95639832065318,-2.48997419325329,-1.05181003705936,0.447952994723155,-0.801003765470309,-0.319612936230338,0.235751338668719,0
3.00740171077327,-2.38425568027653,-0.954688313930052,0.403899890452192,-0.81205084780285,-0.356240834869972,0.224790584876776,0
2.85522180565973,-2.02379430438393,-0.373014339969303,0.0812509439762462,-0.810579646405261,-0.538159024236765,0.216203206740462,0
2.84697283605401,-2.01355142381845,-0.324635645692101,0.0576618119424852,-0.812290681498061,-0.541893888085705,0.207870197431844,0
2.76972472290256,-1.9488117085563,0.0759096217315512,-0.134610108757071,-0.816462168940052,-0.545777634596598,0.13189564102632,0
2.92765508864098,-1.82746249512203,0.426459979427937,-0.230333477541806,-0.783233037515172,-0.57566145998497,-0.0458957779876528,0
2.90261431635386,-1.79915330857344,0.464709273418509,-0.25117621341209,-0.773658719061785,-0.579418037323972,-0.0513563488899729,0
2.93761685559313,-1.77265982522843,0.471843327714764,-0.242737973169696,-0.764426983103139,-0.593114246609441,-0.0703220796076695,0
